external_id,name,description,category,subcategory,brand,colour,gender,usage,season,year,price,currency,image_url,in_stock
8420,Doodle Girl's Crazy And Funny Pink Kidswear,Doodle Girl's Crazy And Funny Pink Kidswear is a pink tshirt from Doodle. It is designed for girls and suited to casual wear. Part of the fall season 2011 range. Listed under Apparel.,Apparel,Tshirts,Doodle,Pink,Girls,Casual,Fall,2011,24.95,USD,sample/images/8420.jpg,true
33993,Femella Women Black Shirt,Femella Women Black Shirt is a black shirt from Femella. It is designed for women and suited to casual wear. Part of the summer season 2012 range. Listed under Apparel.,Apparel,Shirts,Femella,Black,Women,Casual,Summer,2012,77.95,USD,sample/images/33993.jpg,true
19329,Puma Men Standpunkt Brown Casual Shoes,Puma Men Standpunkt Brown Casual Shoes is a pair of brown casual shoes from Puma. It is designed for men and suited to casual wear. Part of the fall season 2011 range. Listed under Footwear.,Footwear,Casual Shoes,Puma,Brown,Men,Casual,Fall,2011,38.99,USD,sample/images/19329.jpg,true
40533,Titan Women White Dial Watch,Titan Women White Dial Watch is a white watch from Titan. It is designed for women and suited to casual wear. Part of the winter season 2016 range. Listed under Accessories.,Accessories,Watches,Titan,White,Women,Casual,Winter,2016,301.95,USD,sample/images/40533.jpg,true
32730,FILA Men Skeletoes Black Shoes,FILA Men Skeletoes Black Shoes is a pair of black sports shoes from FILA. It is designed for men and suited to sports wear. Part of the summer season 2012 range. Listed under Footwear.,Footwear,Sports Shoes,FILA,Black,Men,Sports,Summer,2012,68.95,USD,sample/images/32730.jpg,true
12137,Aurelia Women Solid Navy Blue Kurtas,Aurelia Women Solid Navy Blue Kurtas is a navy blue kurta from Aurelia. It is designed for women and suited to ethnic wear. Part of the fall season 2011 range. Listed under Apparel.,Apparel,Kurtas,Aurelia,Navy Blue,Women,Ethnic,Fall,2011,72.49,USD,sample/images/12137.jpg,true
39223,Femella Women Beige Animal Chiffon Smocked Top,Femella Women Beige Animal Chiffon Smocked Top is a beige top from Femella. It is designed for women and suited to casual wear. Part of the summer season 2012 range. Listed under Apparel.,Apparel,Tops,Femella,Beige,Women,Casual,Summer,2012,29.99,USD,sample/images/39223.jpg,true
51920,Nyk Women Ink Blue Albedo Handbag,Nyk Women Ink Blue Albedo Handbag is a blue handbag from Nyk. It is designed for women and suited to casual wear. Part of the summer season 2016 range. Listed under Accessories.,Accessories,Handbags,Nyk,Blue,Women,Casual,Summer,2016,149.95,USD,sample/images/51920.jpg,true
13028,Inc 5 Women Casual Black Heels,Inc 5 Women Casual Black Heels is a pair of black heels from Inc 5. It is designed for women and suited to casual wear. Part of the winter season 2012 range. Listed under Footwear.,Footwear,Heels,Inc 5,Black,Women,Casual,Winter,2012,75.49,USD,sample/images/13028.jpg,true
14907,United Colors of Benetton Women Funky Brown Sunglasses,United Colors of Benetton Women Funky Brown Sunglasses is a pair of brown sunglasses from United Colors of Benetton. It is designed for women and suited to casual wear. Part of the winter season 2016 range. Listed under Accessories.,Accessories,Sunglasses,United Colors of Benetton,Brown,Women,Casual,Winter,2016,54.99,USD,sample/images/14907.jpg,true
20468,Baggit Women Udaan Jhuti Purple Wallet,Baggit Women Udaan Jhuti Purple Wallet is a purple wallet from Baggit. It is designed for women and suited to casual wear. Part of the winter season 2015 range. Listed under Accessories.,Accessories,Wallets,Baggit,Purple,Women,Casual,Winter,2015,66.95,USD,sample/images/20468.jpg,true
44198,iPanema Women Black Flip Flops,iPanema Women Black Flip Flops is a pair of black flip flops from iPanema. It is designed for women and suited to casual wear. Part of the winter season 2012 range. Listed under Footwear.,Footwear,Flip Flops,iPanema,Black,Women,Casual,Winter,2012,16.99,USD,sample/images/44198.jpg,true
56413,GAS Men Brown Glade Sandals,GAS Men Brown Glade Sandals is a pair of brown sandals from GAS. It is designed for men and suited to casual wear. Part of the summer season 2013 range. Listed under Footwear.,Footwear,Sandals,GAS,Brown,Men,Casual,Summer,2013,30.95,USD,sample/images/56413.jpg,true
50627,Chromozome Men Navy Blue Briefs,Chromozome Men Navy Blue Briefs is a navy blue brief from Chromozome. It is designed for men and suited to casual wear. Part of the winter season 2016 range. Listed under Apparel.,Apparel,Briefs,Chromozome,Navy Blue,Men,Casual,Winter,2016,85.49,USD,sample/images/50627.jpg,true
42959,French Connection Men Black Belt,French Connection Men Black Belt is a black belt from French Connection. It is designed for men and suited to casual wear. Part of the summer season 2012 range. Listed under Accessories.,Accessories,Belts,French Connection,Black,Men,Casual,Summer,2012,46.95,USD,sample/images/42959.jpg,true
15919,ADIDAS Unisex AL Blue Backpack,ADIDAS Unisex AL Blue Backpack is a blue backpack from ADIDAS. It is a unisex design and suited to casual wear. Part of the fall season 2011 range. Listed under Accessories.,Accessories,Backpacks,ADIDAS,Blue,Unisex,Casual,Fall,2011,69.49,USD,sample/images/15919.jpg,true
32171,Playboy Women Blue Socks,Playboy Women Blue Socks is a pair of blue socks from Playboy. It is designed for women and suited to casual wear. Part of the summer season 2017 range. Listed under Accessories.,Accessories,Socks,Playboy,Blue,Women,Casual,Summer,2017,14.99,USD,sample/images/32171.jpg,true
12516,Red Tape Men Formal Black Formal Shoes,Red Tape Men Formal Black Formal Shoes is a pair of black formal shoes. It is designed for men and suited to formal wear. Part of the winter season 2018 range. Listed under Footwear.,Footwear,Formal Shoes,,Black,Men,Formal,Winter,2018,125.95,USD,sample/images/12516.jpg,true
44013,Police Men Pure Perfume,Police Men Pure Perfume is a black perfume and body mist from Police. It is designed for men and suited to casual wear. Part of the spring season 2017 range. Listed under Personal Care.,Personal Care,Perfume and Body Mist,Police,Black,Men,Casual,Spring,2017,79.49,USD,sample/images/44013.jpg,true
11283,Wrangler Men Blue Texas Jeans,Wrangler Men Blue Texas Jeans is a pair of blue jeans from Wrangler. It is designed for men and suited to casual wear. Part of the winter season 2016 range. Listed under Apparel.,Apparel,Jeans,Wrangler,Blue,Men,Casual,Winter,2016,96.49,USD,sample/images/11283.jpg,true
34117,Doodle Girls Washed Blue Shorts,Doodle Girls Washed Blue Shorts is a pair of blue shorts from Doodle. It is designed for girls and suited to casual wear. Part of the summer season 2012 range. Listed under Apparel.,Apparel,Shorts,Doodle,Blue,Girls,Casual,Summer,2012,20.99,USD,sample/images/34117.jpg,true
16022,Turtle Men Solid Khakhi Trouser,Turtle Men Solid Khakhi Trouser is a pair of olive trousers from Turtle. It is designed for men and suited to casual wear. Part of the fall season 2011 range. Listed under Apparel.,Apparel,Trousers,Turtle,Olive,Men,Casual,Fall,2011,75.99,USD,sample/images/16022.jpg,true
43367,Reebok Women Black Casual Shoes,Reebok Women Black Casual Shoes is a pair of black flats from Reebok. It is designed for women and suited to casual wear. Part of the summer season 2012 range. Listed under Footwear.,Footwear,Flats,Reebok,Black,Women,Casual,Summer,2012,51.49,USD,sample/images/43367.jpg,true
51014,Enamor Grey Smooth Bra,Enamor Grey Smooth Bra is a grey bra from Enamor. It is designed for women and suited to casual wear. Part of the summer season 2017 range. Listed under Apparel.,Apparel,Bra,Enamor,Grey,Women,Casual,Summer,2017,93.49,USD,sample/images/51014.jpg,true
10365,United Colors of Benetton Women Short Black Dresses,United Colors of Benetton Women Short Black Dresses is a black dress from United Colors of Benetton. It is designed for women and suited to casual wear. Part of the fall season 2011 range. Listed under Apparel.,Apparel,Dresses,United Colors of Benetton,Black,Women,Casual,Fall,2011,76.95,USD,sample/images/10365.jpg,true
53033,FNF Printed Yellow Sari,FNF Printed Yellow Sari is a yellow saree from FNF. It is designed for women and suited to ethnic wear. Part of the fall season 2012 range. Listed under Apparel.,Apparel,Sarees,FNF,Yellow,Women,Ethnic,Fall,2012,58.49,USD,sample/images/53033.jpg,true
48592,Lucera Women Silver Earrings,Lucera Women Silver Earrings is a pair of silver earrings from Lucera. It is designed for women and suited to casual wear. Part of the summer season 2013 range. Listed under Accessories.,Accessories,Earrings,Lucera,Silver,Women,Casual,Summer,2013,83.95,USD,sample/images/48592.jpg,true
43994,Police Women Passion Deo,Police Women Passion Deo is a pink deodorant from Police. It is designed for women and suited to casual wear. Part of the spring season 2017 range. Listed under Personal Care.,Personal Care,Deodorant,Police,Pink,Women,Casual,Spring,2017,17.95,USD,sample/images/43994.jpg,true
25034,Nike Men Navy Blue Track Pants,Nike Men Navy Blue Track Pants is a pair of navy blue track pants from Nike. It is designed for men and suited to sports wear. Part of the summer season 2011 range. Listed under Apparel.,Apparel,Track Pants,Nike,Navy Blue,Men,Sports,Summer,2011,35.95,USD,sample/images/25034.jpg,true
33735,Pieces Women Navy Blue Purse,Pieces Women Navy Blue Purse is a navy blue clutch from Pieces. It is designed for women and suited to casual wear. Part of the winter season 2012 range. Listed under Accessories.,Accessories,Clutches,Pieces,Navy Blue,Women,Casual,Winter,2012,26.95,USD,sample/images/33735.jpg,true
13102,ADIDAS Men Sf Striped Hood White Sweatshirts,ADIDAS Men Sf Striped Hood White Sweatshirts is a white sweatshirt from ADIDAS. It is designed for men and suited to casual wear. Part of the fall season 2011 range. Listed under Apparel.,Apparel,Sweatshirts,ADIDAS,White,Men,Casual,Fall,2011,58.95,USD,sample/images/13102.jpg,true
44624,Nike Unisex Orange Daybreak Visor Cap,Nike Unisex Orange Daybreak Visor Cap is an orange cap from Nike. It is a unisex design and suited to casual wear. Part of the summer season 2012 range. Listed under Accessories.,Accessories,Caps,Nike,Orange,Unisex,Casual,Summer,2012,23.49,USD,sample/images/44624.jpg,true
56448,Streetwear Shine Divine Berry Divine Nail Polish 15,Streetwear Shine Divine Berry Divine Nail Polish 15 is a red nail polish from Streetwear. It is designed for women and suited to casual wear. Part of the spring season 2017 range. Listed under Personal Care.,Personal Care,Nail Polish,Streetwear,Red,Women,Casual,Spring,2017,21.95,USD,sample/images/56448.jpg,true
19822,U.S. Polo Assn. Men Solid Charcoal Sweater,U.S. Polo Assn. Men Solid Charcoal Sweater is a charcoal sweater from U.S. Polo Assn.. It is designed for men and suited to casual wear. Part of the fall season 2011 range. Listed under Apparel.,Apparel,Sweaters,U.S. Polo Assn.,Charcoal,Men,Casual,Fall,2011,115.49,USD,sample/images/19822.jpg,true
49688,Park Avenue Men Blue Tie,Park Avenue Men Blue Tie is a blue tie from Park Avenue. It is designed for men and suited to casual wear. Part of the summer season 2012 range. Listed under Accessories.,Accessories,Ties,Park Avenue,Blue,Men,Casual,Summer,2012,25.49,USD,sample/images/49688.jpg,true
56066,Colorbar Diva Dress To Impress Lipstick 003,Colorbar Diva Dress To Impress Lipstick 003 is a red lipstick from Colorbar. It is designed for women and suited to casual wear. Part of the spring season 2017 range. Listed under Personal Care.,Personal Care,Lipstick,Colorbar,Red,Women,Casual,Spring,2017,18.95,USD,sample/images/56066.jpg,true
13241,Palm Tree Kids Boys Solid White Jackets,Palm Tree Kids Boys Solid White Jackets is a white jacket from Palm Tree Kids. It is designed for men and suited to casual wear. Part of the fall season 2011 range. Listed under Apparel.,Apparel,Jackets,Palm Tree Kids,White,Men,Casual,Fall,2011,221.95,USD,sample/images/13241.jpg,true
15826,Facit Men Smart Black Innerwear Vest,Facit Men Smart Black Innerwear Vest is a black innerwear vest from Facit. It is designed for men and suited to casual wear. Part of the summer season 2016 range. Listed under Apparel.,Apparel,Innerwear Vests,Facit,Black,Men,Casual,Summer,2016,77.95,USD,sample/images/15826.jpg,true
30943,Fabindia Women Black Silk Kurti,Fabindia Women Black Silk Kurti is a black kurtis from Fabindia. It is designed for women and suited to ethnic wear. Part of the summer season 2012 range. Listed under Apparel.,Apparel,Kurtis,Fabindia,Black,Women,Ethnic,Summer,2012,80.49,USD,sample/images/30943.jpg,true
46250,Fusion Beats Women Blue Tunic,Fusion Beats Women Blue Tunic is a blue tunic from Fusion Beats. It is designed for women and suited to casual wear. Part of the summer season 2012 range. Listed under Apparel.,Apparel,Tunics,Fusion Beats,Blue,Women,Casual,Summer,2012,25.95,USD,sample/images/46250.jpg,true
51982,Inaya Women Bright Pink Nightdress,Inaya Women Bright Pink Nightdress is a pink nightdress from Inaya. It is designed for women and suited to casual wear. Part of the summer season 2012 range. Listed under Apparel.,Apparel,Nightdress,Inaya,Pink,Women,Casual,Summer,2012,80.95,USD,sample/images/51982.jpg,true
50018,Hanes Women Black Comfortsoft Waistband Cotton - Stretch Lace Capri Leggings,Hanes Women Black Comfortsoft Waistband Cotton - Stretch Lace Capri Leggings is a pair of black leggings from Hanes. It is designed for women and suited to casual wear. Part of the winter season 2015 range. Listed under Apparel.,Apparel,Leggings,Hanes,Black,Women,Casual,Winter,2015,60.99,USD,sample/images/50018.jpg,true
48795,Lucera Women Silver Pendant,Lucera Women Silver Pendant is a silver pendant from Lucera. It is designed for women and suited to casual wear. Part of the summer season 2015 range. Listed under Accessories.,Accessories,Pendant,Lucera,Silver,Women,Casual,Summer,2015,48.99,USD,sample/images/48795.jpg,true
13282,Gini and Jony Kids Solid Black Capris,Gini and Jony Kids Solid Black Capris is a pair of black capris from Gini and Jony. It is designed for women and suited to casual wear. Part of the fall season 2011 range. Listed under Apparel.,Apparel,Capris,Gini and Jony,Black,Women,Casual,Fall,2011,63.99,USD,sample/images/13282.jpg,true
48347,Pitaraa Golden Necklace,Pitaraa Golden Necklace is a gold necklace and chain from Pitaraa. It is designed for women and suited to casual wear. Part of the fall season 2012 range. Listed under Accessories.,Accessories,Necklace and Chains,Pitaraa,Gold,Women,Casual,Fall,2012,102.49,USD,sample/images/48347.jpg,true
36287,SDL by Sweet Dreams Women Blue Night suits,SDL by Sweet Dreams Women Blue Night suits is a blue night suit from SDL by Sweet Dreams. It is designed for women and suited to casual wear. Part of the summer season 2017 range. Listed under Apparel.,Apparel,Night suits,SDL by Sweet Dreams,Blue,Women,Casual,Summer,2017,85.95,USD,sample/images/36287.jpg,true
28074,Jockey MC Men Grey Melange Midway Classic Trunks 1101,Jockey MC Men Grey Melange Midway Classic Trunks 1101 is a grey melange trunk from Jockey. It is designed for men and suited to casual wear. Part of the summer season 2016 range. Listed under Apparel.,Apparel,Trunk,Jockey,Grey Melange,Men,Casual,Summer,2016,37.49,USD,sample/images/28074.jpg,true
30929,Fabindia Women Grey Skirt,Fabindia Women Grey Skirt is a grey skirt from Fabindia. It is designed for women and suited to ethnic wear. Part of the summer season 2012 range. Listed under Apparel.,Apparel,Skirts,Fabindia,Grey,Women,Ethnic,Summer,2012,71.99,USD,sample/images/30929.jpg,true
47667,Femella Women Green & Red Printed Scarf,Femella Women Green & Red Printed Scarf is a green scarve from Femella. It is designed for women and suited to casual wear. Part of the summer season 2012 range. Listed under Accessories.,Accessories,Scarves,Femella,Green,Women,Casual,Summer,2012,12.49,USD,sample/images/47667.jpg,true
48923,Revv Men Steel Ring,Revv Men Steel Ring is a steel ring from Revv. It is designed for men and suited to casual wear. Part of the summer season 2012 range. Listed under Accessories.,Accessories,Ring,Revv,Steel,Men,Casual,Summer,2012,90.99,USD,sample/images/48923.jpg,true
12167,Aurelia Women Voile Pink Dupatta,Aurelia Women Voile Pink Dupatta is a pink dupatta from Aurelia. It is designed for women and suited to ethnic wear. Part of the fall season 2011 range. Listed under Apparel.,Apparel,Dupatta,Aurelia,Pink,Women,Ethnic,Fall,2011,49.99,USD,sample/images/12167.jpg,true
55499,Revlon Pink Ice Glace Rose Colorburst Lip Gloss 004,Revlon Pink Ice Glace Rose Colorburst Lip Gloss 004 is a pink lip gloss from Revlon. It is designed for women and suited to casual wear. Part of the spring season 2017 range. Listed under Personal Care.,Personal Care,Lip Gloss,Revlon,Pink,Women,Casual,Spring,2017,50.99,USD,sample/images/55499.jpg,true
24647,Reid & Taylor Men Bright Assorted Pink Cufflinks,Reid & Taylor Men Bright Assorted Pink Cufflinks is a pair of pink cufflinks from Reid & Taylor. It is designed for men and suited to formal wear. Part of the summer season 2012 range. Listed under Accessories.,Accessories,Cufflinks,Reid & Taylor,Pink,Men,Formal,Summer,2012,78.99,USD,sample/images/24647.jpg,true
25060,Lino Perros Men Formal Purple Accessory Gift Set,Lino Perros Men Formal Purple Accessory Gift Set is a purple accessory gift set from Lino Perros. It is designed for men and suited to formal wear. Part of the winter season 2015 range. Listed under Accessories.,Accessories,Accessory Gift Set,Lino Perros,Purple,Men,Formal,Winter,2015,21.95,USD,sample/images/25060.jpg,true
28969,Biba Women Red Embroidered Churidar Kurta with Dupatta,Biba Women Red Embroidered Churidar Kurta with Dupatta is a red kurta set from Biba. It is designed for women and suited to ethnic wear. Part of the summer season 2012 range. Listed under Apparel.,Apparel,Kurta Sets,Biba,Red,Women,Ethnic,Summer,2012,66.49,USD,sample/images/28969.jpg,true
55225,Lakme Women Black Satin Kajal,Lakme Women Black Satin Kajal is a black kajal and eyeliner from Lakme. It is designed for women and suited to casual wear. Part of the spring season 2017 range. Listed under Personal Care.,Personal Care,Kajal and Eyeliner,Lakme,Black,Women,Casual,Spring,2017,41.49,USD,sample/images/55225.jpg,true
57457,Pitaraa Women Mustard Clutch,Pitaraa Women Mustard Clutch is a mustard free gift from Pitaraa. It is designed for women and suited to casual wear. Part of the summer season 2015 range. Listed under Free Items.,Free Items,Free Gifts,Pitaraa,Mustard,Women,Casual,Summer,2015,46.49,USD,sample/images/57457.jpg,true
34973,Fabindia Women Printed Pink Chanderi Stole,Fabindia Women Printed Pink Chanderi Stole is a pink stole from Fabindia. It is designed for women and suited to ethnic wear. Part of the summer season 2012 range. Listed under Accessories.,Accessories,Stoles,Fabindia,Pink,Women,Ethnic,Summer,2012,103.99,USD,sample/images/34973.jpg,true
19942,Nike Unisex Casual Black Duffle Bag,Nike Unisex Casual Black Duffle Bag is a black duffel bag from Nike. It is a unisex design and suited to casual wear. Part of the fall season 2011 range. Listed under Accessories.,Accessories,Duffel Bag,Nike,Black,Unisex,Casual,Fall,2011,91.99,USD,sample/images/19942.jpg,true
43737,Royal Diadem Set of 2 Golden Bangles,Royal Diadem Set of 2 Golden Bangles is a gold bangle from Royal Diadem. It is designed for women and suited to casual wear. Part of the summer season 2012 range. Listed under Accessories.,Accessories,Bangle,Royal Diadem,Gold,Women,Casual,Summer,2012,74.95,USD,sample/images/43737.jpg,true
30187,Nike Men Black Arsenal Allegiance Laptop Bag,Nike Men Black Arsenal Allegiance Laptop Bag is a black laptop bag from Nike. It is designed for men and suited to casual wear. Part of the summer season 2012 range. Listed under Accessories.,Accessories,Laptop Bag,Nike,Black,Men,Casual,Summer,2012,70.99,USD,sample/images/30187.jpg,true
49110,Deborah New Skin Compact Foundation 01,Deborah New Skin Compact Foundation 01 is a skin foundation and primer from Deborah. It is designed for women and suited to casual wear. Part of the spring season 2017 range. Listed under Personal Care.,Personal Care,Foundation and Primer,Deborah,Skin,Women,Casual,Spring,2017,82.95,USD,sample/images/49110.jpg,true
29236,Puma Women Roque Navy Blue Sandals,Puma Women Roque Navy Blue Sandals is a pair of navy blue sports sandals from Puma. It is designed for women and suited to casual wear. Part of the summer season 2012 range. Listed under Footwear.,Footwear,Sports Sandals,Puma,Navy Blue,Women,Casual,Summer,2012,92.49,USD,sample/images/29236.jpg,true
48577,Revv Men Steel Bracelet,Revv Men Steel Bracelet is a steel bracelet from Revv. It is designed for men and suited to casual wear. Part of the summer season 2012 range. Listed under Accessories.,Accessories,Bracelet,Revv,Steel,Men,Casual,Summer,2012,23.95,USD,sample/images/48577.jpg,true
54985,Femella Women Printed Blue Lounge Pants,Femella Women Printed Blue Lounge Pants is a pair of blue lounge pants from Femella. It is designed for women and suited to casual wear. Part of the summer season 2017 range. Listed under Apparel.,Apparel,Lounge Pants,Femella,Blue,Women,Casual,Summer,2017,28.99,USD,sample/images/54985.jpg,true
43703,Royal Diadem Red Earring & Pendant Set,Royal Diadem Red Earring & Pendant Set is a red jewellery set from Royal Diadem. It is designed for women and suited to casual wear. Part of the summer season 2012 range. Listed under Accessories.,Accessories,Jewellery Set,Royal Diadem,Red,Women,Casual,Summer,2012,39.95,USD,sample/images/43703.jpg,true
32522,Tonino Lamborghini Forza For Men Fragrance Gift Set,Tonino Lamborghini Forza For Men Fragrance Gift Set is a black fragrance gift set from Tonino Lamborghini. It is designed for men and suited to casual wear. Part of the spring season 2017 range. Listed under Personal Care.,Personal Care,Fragrance Gift Set,Tonino Lamborghini,Black,Men,Casual,Spring,2017,67.95,USD,sample/images/32522.jpg,true
47679,Probase Blue Printed Boxers,Probase Blue Printed Boxers is a blue boxer from Probase. It is designed for men and suited to casual wear. Part of the summer season 2016 range. Listed under Apparel.,Apparel,Boxers,Probase,Blue,Men,Casual,Summer,2016,50.99,USD,sample/images/47679.jpg,true
37087,Lino Perros Women Brown Mobile Pouch,Lino Perros Women Brown Mobile Pouch is a brown mobile pouch from Lino Perros. It is designed for women and suited to casual wear. Part of the summer season 2012 range. Listed under Accessories.,Accessories,Mobile Pouch,Lino Perros,Brown,Women,Casual,Summer,2012,50.95,USD,sample/images/37087.jpg,true
59856,Olay Women Moisturising Lotion,Olay Women Moisturising Lotion is a white face moisturiser from Olay. It is designed for women and suited to casual wear. Part of the spring season 2017 range. Listed under Personal Care.,Personal Care,Face Moisturisers,Olay,White,Women,Casual,Spring,2017,16.99,USD,sample/images/59856.jpg,true
57710,Lotus Herbals Seduction Choco Fudge Lip Contour Definer 56,Lotus Herbals Seduction Choco Fudge Lip Contour Definer 56 is a brown lip liner from Lotus Herbals. It is designed for women and suited to casual wear. Part of the spring season 2017 range. Listed under Personal Care.,Personal Care,Lip Liner,Lotus Herbals,Brown,Women,Casual,Spring,2017,84.99,USD,sample/images/57710.jpg,true
36056,OTLS Unisex Mustard Brown Messenger Bag,OTLS Unisex Mustard Brown Messenger Bag is a mustard messenger bag from OTLS. It is a unisex design and suited to casual wear. Part of the summer season 2015 range. Listed under Accessories.,Accessories,Messenger Bag,OTLS,Mustard,Unisex,Casual,Summer,2015,19.99,USD,sample/images/36056.jpg,true
25783,Arrow Men Black & Beige Suspenders,Arrow Men Black & Beige Suspenders is a black suspender from Arrow. It is designed for men and suited to formal wear. Part of the summer season 2012 range. Listed under Apparel.,Apparel,Suspenders,Arrow,Black,Men,Formal,Summer,2012,32.99,USD,sample/images/25783.jpg,true
52515,Red Rose Skin Cream Bra,Red Rose Skin Cream Bra is a skin camisole. It is designed for women and suited to casual wear. Part of the winter season 2015 range. Listed under Apparel.,Apparel,Camisoles,,Skin,Women,Casual,Winter,2015,59.49,USD,sample/images/52515.jpg,true
55113,Lakme Absolute White Intense Beige Honey Wet & Dry Compact 05,Lakme Absolute White Intense Beige Honey Wet & Dry Compact 05 is a beige compact from Lakme. It is designed for women and suited to casual wear. Part of the summer season 2019 range. Listed under Personal Care.,Personal Care,Compact,Lakme,Beige,Women,Casual,Summer,2019,41.99,USD,sample/images/55113.jpg,true
14724,Scullers Unisex Casual Muffler Black Mufflers,Scullers Unisex Casual Muffler Black Mufflers is a black muffler from Scullers. It is a unisex design and suited to casual wear. Part of the fall season 2011 range. Listed under Accessories.,Accessories,Mufflers,Scullers,Black,Unisex,Casual,Fall,2011,29.95,USD,sample/images/14724.jpg,true
56585,Streetwear Crystal Shine Honey Shine Face Brightener,Streetwear Crystal Shine Honey Shine Face Brightener is a skin highlighter and blush from Streetwear. It is designed for women and suited to casual wear. Part of the spring season 2017 range. Listed under Personal Care.,Personal Care,Highlighter and Blush,Streetwear,Skin,Women,Casual,Spring,2017,71.49,USD,sample/images/56585.jpg,true
58210,Shree Women Black Printed Patiala,Shree Women Black Printed Patiala is a black patiala from Shree. It is designed for women and suited to ethnic wear. Part of the fall season 2012 range. Listed under Apparel.,Apparel,Patiala,Shree,Black,Women,Ethnic,Fall,2012,97.49,USD,sample/images/58210.jpg,true
50653,Chromozome Men Navy Blue Lounge Shorts,Chromozome Men Navy Blue Lounge Shorts is a pair of navy blue lounge shorts from Chromozome. It is designed for men and suited to casual wear. Part of the winter season 2016 range. Listed under Apparel.,Apparel,Lounge Shorts,Chromozome,Navy Blue,Men,Casual,Winter,2016,42.99,USD,sample/images/50653.jpg,true
51597,Wrangler Women Blue Jeggings,Wrangler Women Blue Jeggings is a blue jegging from Wrangler. It is designed for women and suited to casual wear. Part of the summer season 2012 range. Listed under Apparel.,Apparel,Jeggings,Wrangler,Blue,Women,Casual,Summer,2012,23.99,USD,sample/images/51597.jpg,true
59879,Femella Women Black Stockings,Femella Women Black Stockings is a pair of black stockings from Femella. It is designed for women and suited to casual wear. Part of the fall season 2012 range. Listed under Apparel.,Apparel,Stockings,Femella,Black,Women,Casual,Fall,2012,88.49,USD,sample/images/59879.jpg,true
55296,Lakme Absolute Eye Chromatic Night Desire Baked Eye Shadow,Lakme Absolute Eye Chromatic Night Desire Baked Eye Shadow is a purple eyeshadow from Lakme. It is designed for women and suited to casual wear. Part of the spring season 2017 range. Listed under Personal Care.,Personal Care,Eyeshadow,Lakme,Purple,Women,Casual,Spring,2017,80.95,USD,sample/images/55296.jpg,true
47046,Shree Women Green Jodhpuri Salwar,Shree Women Green Jodhpuri Salwar is a green salwar from Shree. It is designed for women and suited to ethnic wear. Part of the summer season 2012 range. Listed under Apparel.,Apparel,Salwar,Shree,Green,Women,Ethnic,Summer,2012,55.95,USD,sample/images/47046.jpg,true
30811,Fabindia Women Black Churidar,Fabindia Women Black Churidar is a black churidar from Fabindia. It is designed for women and suited to ethnic wear. Part of the summer season 2012 range. Listed under Apparel.,Apparel,Churidar,Fabindia,Black,Women,Ethnic,Summer,2012,94.49,USD,sample/images/30811.jpg,true
29043,ADIDAS Men Navy Blue Tracksuit,ADIDAS Men Navy Blue Tracksuit is a navy blue tracksuit from ADIDAS. It is designed for men and suited to sports wear. Part of the summer season 2012 range. Listed under Apparel.,Apparel,Tracksuits,ADIDAS,Navy Blue,Men,Sports,Summer,2012,18.49,USD,sample/images/29043.jpg,true
19541,United Colors of Benetton Men Solid Black Gloves,United Colors of Benetton Men Solid Black Gloves is a pair of black gloves from United Colors of Benetton. It is designed for men and suited to casual wear. Part of the fall season 2011 range. Listed under Accessories.,Accessories,Gloves,United Colors of Benetton,Black,Men,Casual,Fall,2011,69.99,USD,sample/images/19541.jpg,true
55513,Revlon ColorSilk Luminista Golden Brown Hair Colour 120,Revlon ColorSilk Luminista Golden Brown Hair Colour 120 is a brown hair colour from Revlon. It is designed for women and suited to casual wear. Part of the spring season 2017 range. Listed under Personal Care.,Personal Care,Hair Colour,Revlon,Brown,Women,Casual,Spring,2017,27.95,USD,sample/images/55513.jpg,true
52498,Red Rose Women Blue Bath Robes,Red Rose Women Blue Bath Robes is a blue bath robe. It is designed for women and suited to casual wear. Part of the winter season 2015 range. Listed under Apparel.,Apparel,Bath Robe,,Blue,Women,Casual,Winter,2015,68.99,USD,sample/images/52498.jpg,true
2562,Nabaiji Women Black Swimsuit,Nabaiji Women Black Swimsuit is a black swimwear from Nabaiji. It is designed for women and suited to sports wear. Part of the fall season 2012 range. Listed under Apparel.,Apparel,Swimwear,Nabaiji,Black,Women,Sports,Fall,2012,85.49,USD,sample/images/2562.jpg,true
19914,Wildcraft Unisex Blue & Grey Waist Pouch,Wildcraft Unisex Blue & Grey Waist Pouch is a grey waist pouch from Wildcraft. It is a unisex design and suited to casual wear. Part of the winter season 2015 range. Listed under Accessories.,Accessories,Waist Pouch,Wildcraft,Grey,Unisex,Casual,Winter,2015,70.99,USD,sample/images/19914.jpg,true
55094,Pond's Radiance Boosting Cleansing Mousse,Pond's Radiance Boosting Cleansing Mousse is a gold face wash and cleanser from Pond's. It is designed for women and suited to casual wear. Part of the spring season 2017 range. Listed under Personal Care.,Personal Care,Face Wash and Cleanser,Pond's,Gold,Women,Casual,Spring,2017,31.49,USD,sample/images/55094.jpg,true
14889,United Colors of Benetton Women Solid Olive Bags,United Colors of Benetton Women Solid Olive Bags is an olive travel accessory from United Colors of Benetton. It is designed for women and suited to casual wear. Part of the summer season 2011 range. Listed under Accessories.,Accessories,Travel Accessory,United Colors of Benetton,Olive,Women,Casual,Summer,2011,16.49,USD,sample/images/14889.jpg,true
43674,French Connection Women Blue Playsuit,French Connection Women Blue Playsuit is a blue jumpsuit from French Connection. It is designed for women and suited to casual wear. Part of the summer season 2012 range. Listed under Apparel.,Apparel,Jumpsuit,French Connection,Blue,Women,Casual,Summer,2012,66.49,USD,sample/images/43674.jpg,true
8581,Scullers Men Black Waistcoat,Scullers Men Black Waistcoat is a black waistcoat from Scullers. It is designed for men and suited to casual wear. Part of the fall season 2011 range. Listed under Apparel.,Apparel,Waistcoat,Scullers,Black,Men,Casual,Fall,2011,45.49,USD,sample/images/8581.jpg,true
57615,Lotus Herbals UV Screen Matte Gel 50g,Lotus Herbals UV Screen Matte Gel 50g is an orange sunscreen from Lotus Herbals. It is designed for women and suited to casual wear. Part of the spring season 2017 range. Listed under Personal Care.,Personal Care,Sunscreen,Lotus Herbals,Orange,Women,Casual,Spring,2017,25.99,USD,sample/images/57615.jpg,true
52508,Red Rose Red Nightdress,Red Rose Red Nightdress is a red baby doll. It is designed for women and suited to casual wear. Part of the winter season 2015 range. Listed under Apparel.,Apparel,Baby Dolls,,Red,Women,Casual,Winter,2015,60.99,USD,sample/images/52508.jpg,true
2354,ADIDAS Black Bounce Unisex Basketball,ADIDAS Black Bounce Unisex Basketball is a black basketball from ADIDAS. It is a unisex design and suited to sports wear. Part of the winter season 2010 range. Listed under Sporting Goods.,Sporting Goods,Basketballs,ADIDAS,Black,Unisex,Sports,Winter,2010,27.95,USD,sample/images/2354.jpg,true
37583,Madagascar3 Infant Girls Pink Snapsuit Romper,Madagascar3 Infant Girls Pink Snapsuit Romper is a pink romper from Madagascar3. It is designed for girls and suited to casual wear. Part of the summer season 2012 range. Listed under Apparel.,Apparel,Rompers,Madagascar3,Pink,Girls,Casual,Summer,2012,88.49,USD,sample/images/37583.jpg,true
37511,Madagascar 3 Infant Boys Yellow Booties,Madagascar 3 Infant Boys Yellow Booties is a pair of yellow booties from Madagascar 3 Infant. It is designed for boys and suited to casual wear. Part of the summer season 2012 range. Listed under Apparel.,Apparel,Booties,Madagascar 3 Infant,Yellow,Boys,Casual,Summer,2012,52.95,USD,sample/images/37511.jpg,true
55397,Revlon Water Tight Black Mascara,Revlon Water Tight Black Mascara is a black mascara from Revlon. It is designed for women and suited to casual wear. Part of the spring season 2017 range. Listed under Personal Care.,Personal Care,Mascara,Revlon,Black,Women,Casual,Spring,2017,71.49,USD,sample/images/55397.jpg,true
8936,Puma Unisex fundamentals  Black Water Bottle,Puma Unisex fundamentals Black Water Bottle is a black water bottle from Puma. It is a unisex design and suited to casual wear. Part of the summer season 2012 range. Listed under Accessories.,Accessories,Water Bottle,Puma,Black,Unisex,Casual,Summer,2012,55.49,USD,sample/images/8936.jpg,true
49129,Deborah Medium Beige 24 Ore Perfect Concealer 4,Deborah Medium Beige 24 Ore Perfect Concealer 4 is a skin concealer from Deborah. It is designed for women and suited to casual wear. Part of the spring season 2017 range. Listed under Personal Care.,Personal Care,Concealer,Deborah,Skin,Women,Casual,Spring,2017,71.99,USD,sample/images/49129.jpg,true
4594,Wildcraft Unisex Red & Grey Rucksack,Wildcraft Unisex Red & Grey Rucksack is a red rucksack from Wildcraft. It is a unisex design and suited to casual wear. Part of the winter season 2015 range. Listed under Accessories.,Accessories,Rucksacks,Wildcraft,Red,Unisex,Casual,Winter,2015,58.49,USD,sample/images/4594.jpg,true
57884,Biotique Bio Pistachio Face Pack,Biotique Bio Pistachio Face Pack is a white mask and peel from Biotique Bio. It is designed for women and suited to casual wear. Part of the spring season 2017 range. Listed under Personal Care.,Personal Care,Mask and Peel,Biotique Bio,White,Women,Casual,Spring,2017,85.49,USD,sample/images/57884.jpg,true
20039,United Colors of Benetton Women Olive Floral Design Tights,United Colors of Benetton Women Olive Floral Design Tights is a pair of olive tights from United Colors of Benetton. It is designed for women and suited to casual wear. Part of the fall season 2011 range. Listed under Apparel.,Apparel,Tights,United Colors of Benetton,Olive,Women,Casual,Fall,2011,83.49,USD,sample/images/20039.jpg,true
59731,Avirate Black & Purple Wired Corset Shapewear,Avirate Black & Purple Wired Corset Shapewear is a black shapewear from Avirate. It is designed for women and suited to casual wear. Part of the summer season 2014 range. Listed under Apparel.,Apparel,Shapewear,Avirate,Black,Women,Casual,Summer,2014,72.99,USD,sample/images/59731.jpg,true
31743,Reid & Taylor Men Semi Formal Olive Blazer,Reid & Taylor Men Semi Formal Olive Blazer is an olive blazer from Reid & Taylor. It is designed for men and suited to formal wear. Part of the summer season 2012 range. Listed under Apparel.,Apparel,Blazers,Reid & Taylor,Olive,Men,Formal,Summer,2012,36.49,USD,sample/images/31743.jpg,true
1553,Puma Power Cat Hard Ground Football,Puma Power Cat Hard Ground Football is a white football from Puma. It is a unisex design and suited to sports wear. Part of the fall season 2010 range. Listed under Sporting Goods.,Sporting Goods,Footballs,Puma,White,Unisex,Sports,Fall,2010,66.99,USD,sample/images/1553.jpg,true
36746,Mr.Men Boys Weeee!! White Clothing Set,Mr.Men Boys Weeee! White Clothing Set is a white clothing set from Mr.Men. It is designed for boys and suited to casual wear. Part of the summer season 2012 range. Listed under Apparel.,Apparel,Clothing Set,Mr.Men,White,Boys,Casual,Summer,2012,35.49,USD,sample/images/36746.jpg,true
56566,Streetwear Satin Smooth Pink Princess Lip Balm 01,Streetwear Satin Smooth Pink Princess Lip Balm 01 is a pink lip care from Streetwear. It is designed for women and suited to casual wear. Part of the spring season 2017 range. Listed under Personal Care.,Personal Care,Lip Care,Streetwear,Pink,Women,Casual,Spring,2017,35.99,USD,sample/images/56566.jpg,true
50378,Vishudh Women Red & White Salwar and Dupatta,Vishudh Women Red & White Salwar and Dupatta is a white salwar and dupatta from Vishudh. It is designed for women and suited to ethnic wear. Part of the summer season 2012 range. Listed under Apparel.,Apparel,Salwar and Dupatta,Vishudh,White,Women,Ethnic,Summer,2012,27.95,USD,sample/images/50378.jpg,true
17642,Puma Unisex Cat Red Headband,Puma Unisex Cat Red Headband is a red headband from Puma. It is a unisex design and suited to sports wear. Part of the fall season 2013 range. Listed under Accessories.,Accessories,Headband,Puma,Red,Unisex,Sports,Fall,2013,35.99,USD,sample/images/17642.jpg,true
42828,Nike Unisex Swoosh Red Wristbands,Nike Unisex Swoosh Red Wristbands is a red wristband from Nike. It is a unisex design and suited to sports wear. Part of the summer season 2012 range. Listed under Sporting Goods.,Sporting Goods,Wristbands,Nike,Red,Unisex,Sports,Summer,2012,37.49,USD,sample/images/42828.jpg,true
59102,Just Natural Men Black Rain Jacket,Just Natural Men Black Rain Jacket is a black rain jacket from Just Natural. It is designed for men and suited to casual wear. Part of the fall season 2012 range. Listed under Apparel.,Apparel,Rain Jacket,Just Natural,Black,Men,Casual,Fall,2012,82.49,USD,sample/images/59102.jpg,true
51455,Tonga Women Pink Printed Shrug,Tonga Women Pink Printed Shrug is a pink shrug from Tonga. It is designed for women and suited to casual wear. Part of the summer season 2012 range. Listed under Apparel.,Apparel,Shrug,Tonga,Pink,Women,Casual,Summer,2012,73.49,USD,sample/images/51455.jpg,true
55351,Revlon Extra Gentle Nail Polish Remover,Revlon Extra Gentle Nail Polish Remover is a purple nail essential from Revlon. It is designed for women and suited to casual wear. Part of the spring season 2017 range. Listed under Personal Care.,Personal Care,Nail Essentials,Revlon,Purple,Women,Casual,Spring,2017,73.95,USD,sample/images/55351.jpg,true
19739,United Colors of Benetton Women Stripes Blue Black Umbrella,United Colors of Benetton Women Stripes Blue Black Umbrella is a blue umbrella from United Colors of Benetton. It is designed for women and suited to casual wear. Part of the summer season 2011 range. Listed under Accessories.,Accessories,Umbrellas,United Colors of Benetton,Blue,Women,Casual,Summer,2011,18.49,USD,sample/images/19739.jpg,true
30740,Fabindia Men Brown Silk Sleeveless Jacket,Fabindia Men Brown Silk Sleeveless Jacket is a brown nehru jacket from Fabindia. It is designed for men and suited to ethnic wear. Part of the summer season 2012 range. Listed under Apparel.,Apparel,Nehru Jackets,Fabindia,Brown,Men,Ethnic,Summer,2012,104.95,USD,sample/images/30740.jpg,true
59863,Olay Women Total Effects Anti-Ageing Eye Cream,Olay Women Total Effects Anti-Ageing Eye Cream is a black eye cream from Olay. It is designed for women and suited to casual wear. Part of the spring season 2017 range. Listed under Personal Care.,Personal Care,Eye Cream,Olay,Black,Women,Casual,Spring,2017,60.99,USD,sample/images/59863.jpg,true
57419,Amante Blue Robe,Amante Blue Robe is a blue robe from Amante. It is designed for women and suited to casual wear. Part of the winter season 2015 range. Listed under Apparel.,Apparel,Robe,Amante,Blue,Women,Casual,Winter,2015,48.49,USD,sample/images/57419.jpg,true
57699,Lotus Herbals Quince Seed Massage Cream,Lotus Herbals Quince Seed Massage Cream is a cream face scrub and exfoliator from Lotus Herbals. It is designed for women and suited to casual wear. Part of the spring season 2017 range. Listed under Personal Care.,Personal Care,Face Scrub and Exfoliator,Lotus Herbals,Cream,Women,Casual,Spring,2017,52.95,USD,sample/images/57699.jpg,true
30726,Fabindia Girls Printed Blue Lehenga Choli,Fabindia Girls Printed Blue Lehenga Choli is a blue lehenga choli from Fabindia. It is designed for girls and suited to ethnic wear. Part of the summer season 2012 range. Listed under Apparel.,Apparel,Lehenga Choli,Fabindia,Blue,Girls,Ethnic,Summer,2012,29.95,USD,sample/images/30726.jpg,true
49104,Deborah Natural Beige Volume Lip Plumper 6,Deborah Natural Beige Volume Lip Plumper 6 is a beige lip plumper from Deborah. It is designed for women and suited to casual wear. Part of the spring season 2017 range. Listed under Personal Care.,Personal Care,Lip Plumper,Deborah,Beige,Women,Casual,Spring,2017,69.95,USD,sample/images/49104.jpg,true
22213,Timberland Unisex Brown Shoe Laces,Timberland Unisex Brown Shoe Laces is a brown shoe accessory from Timberland. It is a unisex design and suited to casual wear. Part of the fall season 2012 range. Listed under Accessories.,Accessories,Shoe Accessories,Timberland,Brown,Unisex,Casual,Fall,2012,50.95,USD,sample/images/22213.jpg,true
42065,American Tourister Unisex Black Trolley Bag,American Tourister Unisex Black Trolley Bag is a black trolley bag from American Tourister. It is a unisex design and suited to casual wear. Part of the summer season 2012 range. Listed under Accessories.,Accessories,Trolley Bag,American Tourister,Black,Unisex,Casual,Summer,2012,63.95,USD,sample/images/42065.jpg,true
55286,Lakme All Over Shimmer Gloss,Lakme All Over Shimmer Gloss is a cream beauty accessory from Lakme. It is designed for women and suited to casual wear. Part of the spring season 2017 range. Listed under Personal Care.,Personal Care,Beauty Accessory,Lakme,Cream,Women,Casual,Spring,2017,47.95,USD,sample/images/55286.jpg,true
52003,Inaya Women Black Lounge Top,Inaya Women Black Lounge Top is a black lounge tshirt from Inaya. It is designed for women and suited to casual wear. Part of the summer season 2016 range. Listed under Apparel.,Apparel,Lounge Tshirts,Inaya,Black,Women,Casual,Summer,2016,17.95,USD,sample/images/52003.jpg,true
51944,Yelloe Unisex Brown iPad Sleeve,Yelloe Unisex Brown iPad Sleeve is a brown tablet sleeve from Yelloe. It is a unisex design and suited to casual wear. Part of the summer season 2012 range. Listed under Accessories.,Accessories,Tablet Sleeve,Yelloe,Brown,Unisex,Casual,Summer,2012,58.49,USD,sample/images/51944.jpg,true
57683,Lotus Herbals Aloe Soft Body Lotion,Lotus Herbals Aloe Soft Body Lotion is a yellow body lotion from Lotus Herbals. It is designed for women and suited to casual wear. Part of the spring season 2017 range. Listed under Personal Care.,Personal Care,Body Lotion,Lotus Herbals,Yellow,Women,Casual,Spring,2017,78.49,USD,sample/images/57683.jpg,true
17533,ADIDAS Unisex Beanie Black Skull Caps,ADIDAS Unisex Beanie Black Skull Caps is a black hat from ADIDAS. It is a unisex design and suited to casual wear. Part of the fall season 2011 range. Listed under Accessories.,Accessories,Hat,ADIDAS,Black,Unisex,Casual,Fall,2011,79.99,USD,sample/images/17533.jpg,true
38223,Polaroid Women Sunglasses,Polaroid Women Sunglasses is a pair of black ties and cufflinks from Polaroid. It is designed for women and suited to casual wear. Part of the summer season 2015 range. Listed under Accessories.,Accessories,Ties and Cufflinks,Polaroid,Black,Women,Casual,Summer,2015,75.99,USD,sample/images/38223.jpg,true
43230,Wildcraft Unisex Black & Grey Carabiner Key Chain,Wildcraft Unisex Black & Grey Carabiner Key Chain is a black key chain from Wildcraft. It is a unisex design and suited to casual wear. Part of the winter season 2015 range. Listed under Accessories.,Accessories,Key chain,Wildcraft,Black,Unisex,Casual,Winter,2015,59.95,USD,sample/images/43230.jpg,true
57859,Biotique Bio Honey Water Clarifying Toner,Biotique Bio Honey Water Clarifying Toner is a pink toner from Biotique Bio. It is designed for women and suited to casual wear. Part of the spring season 2017 range. Listed under Personal Care.,Personal Care,Toner,Biotique Bio,Pink,Women,Casual,Spring,2017,50.99,USD,sample/images/57859.jpg,true
57889,Biotique Bio Chlorophyll Oil-Free Anti-Acne Gel,Biotique Bio Chlorophyll Oil-Free Anti-Acne Gel is a green face serum and gel from Biotique Bio. It is designed for women and suited to casual wear. Part of the spring season 2017 range. Listed under Personal Care.,Personal Care,Face Serum and Gel,Biotique Bio,Green,Women,Casual,Spring,2017,52.99,USD,sample/images/57889.jpg,true
55198,Lakme Absolute Bi-Phased Make-Up Remover,Lakme Absolute Bi-Phased Make-Up Remover is a blue makeup remover from Lakme. It is designed for women and suited to casual wear. Part of the winter season 2016 range. Listed under Personal Care.,Personal Care,Makeup Remover,Lakme,Blue,Women,Casual,Winter,2016,40.49,USD,sample/images/55198.jpg,true
6845,Timberland Unisex Hiker Round Lace Shoe Accessories,Timberland Unisex Hiker Round Lace Shoe Accessories is a black shoe lace from Timberland. It is a unisex design and suited to casual wear. Part of the summer season 2011 range. Listed under Accessories.,Accessories,Shoe Laces,Timberland,Black,Unisex,Casual,Summer,2011,49.99,USD,sample/images/6845.jpg,true
58600,ToniQ Women Pink Hair Accessories,ToniQ Women Pink Hair Accessories is a pink hair accessory from ToniQ. It is designed for women and suited to casual wear. Part of the winter season 2016 range. Listed under Accessories.,Accessories,Hair Accessory,ToniQ,Pink,Women,Casual,Winter,2016,28.95,USD,sample/images/58600.jpg,true
40826,Swayam Unisex Yellow and Orange Cushion Covers (Set of 2),Swayam Unisex Yellow and Orange Cushion Covers (Set of 2) is a yellow cushion cover from Swayam. It is a unisex design and suited to home wear. Part of the fall season 2012 range. Listed under Home.,Home,Cushion Covers,Swayam,Yellow,Unisex,Home,Fall,2012,76.99,USD,sample/images/40826.jpg,true
56365,Baldessarini Men Strictly Private 90 ml After Shave Lotion,Baldessarini Men Strictly Private 90 ml After Shave Lotion is a gold mens grooming kit from Baldessarini. It is designed for men and suited to casual wear. Part of the spring season 2017 range. Listed under Personal Care.,Personal Care,Mens Grooming Kit,Baldessarini,Gold,Men,Casual,Spring,2017,56.99,USD,sample/images/56365.jpg,true
44016,BOSS Men Selection Shower Gel,BOSS Men Selection Shower Gel is a silver body wash and scrub from BOSS. It is designed for men and suited to casual wear. Part of the spring season 2017 range. Listed under Personal Care.,Personal Care,Body Wash and Scrub,BOSS,Silver,Men,Casual,Spring,2017,47.95,USD,sample/images/44016.jpg,true
45824,Senorita Women Blue Flats,Senorita Women Blue Flats is a blue ipad from Senorita. It is designed for women and suited to casual wear. Part of the summer season 2012 range. Listed under Free Items.,Free Items,Ipad,Senorita,Blue,Women,Casual,Summer,2012,23.49,USD,sample/images/45824.jpg,true
57437,Angry Birds Women Off White T-shirt,Angry Birds Women Off White T-shirt is an off white tshirt from Angry Birds. It is designed for women and suited to casual wear. Part of the summer season 2015 range. Listed under Apparel.,Apparel,Tshirts,Angry Birds,Off White,Women,Casual,Summer,2015,34.49,USD,sample/images/57437.jpg,true
35440,Doodle Boys Check Black Shirt,Doodle Boys Check Black Shirt is a black shirt from Doodle. It is designed for boys and suited to casual wear. Part of the summer season 2012 range. Listed under Apparel.,Apparel,Shirts,Doodle,Black,Boys,Casual,Summer,2012,57.49,USD,sample/images/35440.jpg,true
55629,Numero Uno Men Brown Shoes,Numero Uno Men Brown Shoes is a pair of brown casual shoes from Numero Uno. It is designed for men and suited to casual wear. Part of the summer season 2012 range. Listed under Footwear.,Footwear,Casual Shoes,Numero Uno,Brown,Men,Casual,Summer,2012,97.95,USD,sample/images/55629.jpg,true
59214,Titan Men Silver Watch,Titan Men Silver Watch is a silver watch from Titan. It is designed for men and suited to casual wear. Part of the winter season 2016 range. Listed under Accessories.,Accessories,Watches,Titan,Silver,Men,Casual,Winter,2016,153.95,USD,sample/images/59214.jpg,true
19306,Nike Men Dart VII Leather Black Sports Shoe,Nike Men Dart VII Leather Black Sports Shoe is a pair of black sports shoes from Nike. It is designed for men and suited to sports wear. Part of the summer season 2012 range. Listed under Footwear.,Footwear,Sports Shoes,Nike,Black,Men,Sports,Summer,2012,67.99,USD,sample/images/19306.jpg,true
36472,Aurelia Women Dobby Green Kurta,Aurelia Women Dobby Green Kurta is a green kurta from Aurelia. It is designed for women and suited to ethnic wear. Part of the summer season 2012 range. Listed under Apparel.,Apparel,Kurtas,Aurelia,Green,Women,Ethnic,Summer,2012,82.49,USD,sample/images/36472.jpg,true
57121,Elle Women White Top,Elle Women White Top is a white top from Elle. It is designed for women and suited to casual wear. Part of the summer season 2012 range. Listed under Apparel.,Apparel,Tops,Elle,White,Women,Casual,Summer,2012,54.49,USD,sample/images/57121.jpg,true
8259,Fastrack Blue Printed Tote Bag,Fastrack Blue Printed Tote Bag is a black handbag from Fastrack. It is designed for women and suited to casual wear. Part of the winter season 2016 range. Listed under Accessories.,Accessories,Handbags,Fastrack,Black,Women,Casual,Winter,2016,80.49,USD,sample/images/8259.jpg,true
49827,iPanema Women Gold Flats,iPanema Women Gold Flats is a pair of brown heels from iPanema. It is designed for women and suited to casual wear. Part of the winter season 2012 range. Listed under Footwear.,Footwear,Heels,iPanema,Brown,Women,Casual,Winter,2012,32.99,USD,sample/images/49827.jpg,true
29960,Cat Men Metal Sunglasses,Cat Men Metal Sunglasses is a pair of copper sunglasses from Cat. It is designed for men and suited to casual wear. Part of the winter season 2016 range. Listed under Accessories.,Accessories,Sunglasses,Cat,Copper,Men,Casual,Winter,2016,128.49,USD,sample/images/29960.jpg,true
47406,Baggit Women Red Border Lisa Wallet,Baggit Women Red Border Lisa Wallet is a red wallet from Baggit. It is designed for women and suited to casual wear. Part of the summer season 2012 range. Listed under Accessories.,Accessories,Wallets,Baggit,Red,Women,Casual,Summer,2012,70.49,USD,sample/images/47406.jpg,true
2208,Puma Mens Drifter Black Flip Flop,Puma Mens Drifter Black Flip Flop is a pair of black flip flops from Puma. It is designed for men and suited to casual wear. Part of the fall season 2011 range. Listed under Footwear.,Footwear,Flip Flops,Puma,Black,Men,Casual,Fall,2011,26.99,USD,sample/images/2208.jpg,true
16114,Numero Uno Men Casual Black Slipper,Numero Uno Men Casual Black Slipper is a pair of black sandals from Numero Uno. It is designed for men and suited to casual wear. Part of the fall season 2011 range. Listed under Footwear.,Footwear,Sandals,Numero Uno,Black,Men,Casual,Fall,2011,51.99,USD,sample/images/16114.jpg,true
28048,Jockey ELANCE Men White Hi-Cut Brief 1008,Jockey ELANCE Men White Hi-Cut Brief 1008 is a white brief from Jockey. It is designed for men and suited to casual wear. Part of the summer season 2016 range. Listed under Apparel.,Apparel,Briefs,Jockey,White,Men,Casual,Summer,2016,33.49,USD,sample/images/28048.jpg,true
37047,Lino Perros Women Black Belt,Lino Perros Women Black Belt is a black belt from Lino Perros. It is designed for women and suited to casual wear. Part of the summer season 2012 range. Listed under Accessories.,Accessories,Belts,Lino Perros,Black,Women,Casual,Summer,2012,44.95,USD,sample/images/37047.jpg,true
38129,Wildcraft Unisex Black & Green Printed Backpack,Wildcraft Unisex Black & Green Printed Backpack is a black backpack from Wildcraft. It is a unisex design and suited to casual wear. Part of the summer season 2015 range. Listed under Accessories.,Accessories,Backpacks,Wildcraft,Black,Unisex,Casual,Summer,2015,92.49,USD,sample/images/38129.jpg,true
24295,Quiksilver Men Black Socks,Quiksilver Men Black Socks is a pair of black socks from Quiksilver. It is designed for men and suited to casual wear. Part of the summer season 2016 range. Listed under Accessories.,Accessories,Socks,Quiksilver,Black,Men,Casual,Summer,2016,13.49,USD,sample/images/24295.jpg,true
35058,Windsor Men Brown Formal Shoes,Windsor Men Brown Formal Shoes is a pair of brown formal shoes from Windsor. It is designed for men and suited to formal wear. Part of the summer season 2012 range. Listed under Footwear.,Footwear,Formal Shoes,Windsor,Brown,Men,Formal,Summer,2012,165.99,USD,sample/images/35058.jpg,true
36705,Burberry Men Weekend Perfume,Burberry Men Weekend Perfume is a blue perfume and body mist from Burberry. It is designed for men and suited to casual wear. Part of the spring season 2017 range. Listed under Personal Care.,Personal Care,Perfume and Body Mist,Burberry,Blue,Men,Casual,Spring,2017,70.95,USD,sample/images/36705.jpg,true
23401,Spykar Women Jeans,Spykar Women Jeans is a pair of blue jeans from Spykar. It is designed for women and suited to casual wear. Part of the summer season 2012 range. Listed under Apparel.,Apparel,Jeans,Spykar,Blue,Women,Casual,Summer,2012,59.49,USD,sample/images/23401.jpg,true
26519,Arrow Sport Men Navy Blue Check Shorts,Arrow Sport Men Navy Blue Check Shorts is a pair of navy blue shorts from Arrow. It is designed for men and suited to casual wear. Part of the spring season 2012 range. Listed under Apparel.,Apparel,Shorts,Arrow,Navy Blue,Men,Casual,Spring,2012,43.95,USD,sample/images/26519.jpg,true
44288,Indian Terrain Men Black Trousers,Indian Terrain Men Black Trousers is a pair of black trousers from Indian Terrain. It is designed for men and suited to formal wear. Part of the summer season 2012 range. Listed under Apparel.,Apparel,Trousers,Indian Terrain,Black,Men,Formal,Summer,2012,112.95,USD,sample/images/44288.jpg,true
29234,Puma Women White Misty Flats,Puma Women White Misty Flats is a pair of white flats from Puma. It is designed for women and suited to casual wear. Part of the summer season 2012 range. Listed under Footwear.,Footwear,Flats,Puma,White,Women,Casual,Summer,2012,79.49,USD,sample/images/29234.jpg,true
59071,Peri Peri Women White Bra,Peri Peri Women White Bra is a white bra from Peri Peri. It is designed for women and suited to casual wear. Part of the summer season 2017 range. Listed under Apparel.,Apparel,Bra,Peri Peri,White,Women,Casual,Summer,2017,55.95,USD,sample/images/59071.jpg,true
38844,Latin Quarters Women Black & White Printed Dress,Latin Quarters Women Black & White Printed Dress is a black dress from Latin Quarters. It is designed for women and suited to casual wear. Part of the summer season 2012 range. Listed under Apparel.,Apparel,Dresses,Latin Quarters,Black,Women,Casual,Summer,2012,63.99,USD,sample/images/38844.jpg,true
59637,FNF Maroon & Green Collection For Wedding Sari,FNF Maroon & Green Collection For Wedding Sari is a maroon saree from FNF. It is designed for women and suited to ethnic wear. Part of the fall season 2012 range. Listed under Apparel.,Apparel,Sarees,FNF,Maroon,Women,Ethnic,Fall,2012,203.95,USD,sample/images/59637.jpg,true
52862,Adrika Green Earrings,Adrika Green Earrings is a pair of green earrings from Adrika. It is designed for women and suited to casual wear. Part of the fall season 2012 range. Listed under Accessories.,Accessories,Earrings,Adrika,Green,Women,Casual,Fall,2012,26.99,USD,sample/images/52862.jpg,true
28274,United Colors of Benetton Women Deo,United Colors of Benetton Women Deo is a white deodorant from United Colors of Benetton. It is designed for women and suited to casual wear. Part of the spring season 2017 range. Listed under Personal Care.,Personal Care,Deodorant,United Colors of Benetton,White,Women,Casual,Spring,2017,27.95,USD,sample/images/28274.jpg,true
28451,Urban Yoga Women Black Track Pants,Urban Yoga Women Black Track Pants is a pair of black track pants from Urban Yoga. It is designed for women and suited to casual wear. Part of the summer season 2012 range. Listed under Apparel.,Apparel,Track Pants,Urban Yoga,Black,Women,Casual,Summer,2012,74.49,USD,sample/images/28451.jpg,true
49560,Spice Art Women White Clutch,Spice Art Women White Clutch is a white clutch from Spice Art. It is designed for women and suited to casual wear. Part of the spring season 2013 range. Listed under Accessories.,Accessories,Clutches,Spice Art,White,Women,Casual,Spring,2013,53.99,USD,sample/images/49560.jpg,true
14581,United Colors of Benetton Men Solid Brown Sweatshirts,United Colors of Benetton Men Solid Brown Sweatshirts is a brown sweatshirt from United Colors of Benetton. It is designed for men and suited to casual wear. Part of the fall season 2011 range. Listed under Apparel.,Apparel,Sweatshirts,United Colors of Benetton,Brown,Men,Casual,Fall,2011,93.95,USD,sample/images/14581.jpg,true
19971,United Colors of Benetton Men Solid Purple Cap,United Colors of Benetton Men Solid Purple Cap is a purple cap from United Colors of Benetton. It is designed for men and suited to casual wear. Part of the fall season 2011 range. Listed under Accessories.,Accessories,Caps,United Colors of Benetton,Purple,Men,Casual,Fall,2011,37.95,USD,sample/images/19971.jpg,true
55840,Colorbar Pro Rusk Beauty Nail Lacquer 057,Colorbar Pro Rusk Beauty Nail Lacquer 057 is a rust nail polish from Colorbar. It is designed for women and suited to casual wear. Part of the spring season 2017 range. Listed under Personal Care.,Personal Care,Nail Polish,Colorbar,Rust,Women,Casual,Spring,2017,7.99,USD,sample/images/55840.jpg,true
13803,Proline Blue Patterned Sleeveless Sweater,Proline Blue Patterned Sleeveless Sweater is a navy blue sweater from Proline. It is designed for men and suited to casual wear. Part of the fall season 2011 range. Listed under Apparel.,Apparel,Sweaters,Proline,Navy Blue,Men,Casual,Fall,2011,43.49,USD,sample/images/13803.jpg,true
50320,Park Avenue Men Red Tie,Park Avenue Men Red Tie is a red tie from Park Avenue. It is designed for men and suited to formal wear. Part of the summer season 2012 range. Listed under Accessories.,Accessories,Ties,Park Avenue,Red,Men,Formal,Summer,2012,110.95,USD,sample/images/50320.jpg,true
56535,Streetwear Satin Smooth Eclairs Lipcolor 11,Streetwear Satin Smooth Eclairs Lipcolor 11 is a brown lipstick from Streetwear. It is designed for women and suited to casual wear. Part of the spring season 2017 range. Listed under Personal Care.,Personal Care,Lipstick,Streetwear,Brown,Women,Casual,Spring,2017,27.95,USD,sample/images/56535.jpg,true
59112,Just Natural Men Olive Jacket,Just Natural Men Olive Jacket is an olive jacket from Just Natural. It is designed for men and suited to casual wear. Part of the summer season 2012 range. Listed under Apparel.,Apparel,Jackets,Just Natural,Olive,Men,Casual,Summer,2012,208.95,USD,sample/images/59112.jpg,true
13569,Hanes Men Racer Back Navy Blue Innerwear Vests,Hanes Men Racer Back Navy Blue Innerwear Vests is a navy blue innerwear vest from Hanes. It is designed for men and suited to casual wear. Part of the summer season 2016 range. Listed under Apparel.,Apparel,Innerwear Vests,Hanes,Navy Blue,Men,Casual,Summer,2016,75.49,USD,sample/images/13569.jpg,true
12788,Mother Earth Women Renu Pink Kurtis,Mother Earth Women Renu Pink Kurtis is a pink kurtis from Mother Earth. It is designed for women and suited to ethnic wear. Part of the fall season 2011 range. Listed under Apparel.,Apparel,Kurtis,Mother Earth,Pink,Women,Ethnic,Fall,2011,23.49,USD,sample/images/12788.jpg,true
57181,Elle Women Black Tunic,Elle Women Black Tunic is a black tunic from Elle. It is designed for women and suited to casual wear. Part of the summer season 2012 range. Listed under Apparel.,Apparel,Tunics,Elle,Black,Women,Casual,Summer,2012,68.99,USD,sample/images/57181.jpg,true
51966,Inaya Women Blue Nightdress,Inaya Women Blue Nightdress is a blue nightdress from Inaya. It is designed for women and suited to casual wear. Part of the summer season 2017 range. Listed under Apparel.,Apparel,Nightdress,Inaya,Blue,Women,Casual,Summer,2017,66.99,USD,sample/images/51966.jpg,true
54056,Myntra Women Pink Leggings,Myntra Women Pink Leggings is a pair of pink leggings from Myntra. It is designed for women and suited to casual wear. Part of the summer season 2012 range. Listed under Apparel.,Apparel,Leggings,Myntra,Pink,Women,Casual,Summer,2012,34.49,USD,sample/images/54056.jpg,true
56209,Estelle Women Gold Pendant,Estelle Women Gold Pendant is a gold pendant from Estelle. It is designed for women and suited to casual wear. Part of the winter season 2016 range. Listed under Accessories.,Accessories,Pendant,Estelle,Gold,Women,Casual,Winter,2016,19.49,USD,sample/images/56209.jpg,true
7510,Nike Women As Be Strong Black Capri,Nike Women As Be Strong Black Capri is a pair of black capris from Nike. It is designed for women and suited to sports wear. Part of the summer season 2011 range. Listed under Apparel.,Apparel,Capris,Nike,Black,Women,Sports,Summer,2011,35.49,USD,sample/images/7510.jpg,true
46126,Adrika Brown Necklace,Adrika Brown Necklace is a brown necklace and chain from Adrika. It is designed for women and suited to casual wear. Part of the winter season 2015 range. Listed under Accessories.,Accessories,Necklace and Chains,Adrika,Brown,Women,Casual,Winter,2015,121.49,USD,sample/images/46126.jpg,true
36286,SDL by Sweet Dreams Women Grey Night suits,SDL by Sweet Dreams Women Grey Night suits is a grey night suit from SDL by Sweet Dreams. It is designed for women and suited to casual wear. Part of the summer season 2017 range. Listed under Apparel.,Apparel,Night suits,SDL by Sweet Dreams,Grey,Women,Casual,Summer,2017,32.95,USD,sample/images/36286.jpg,true
28071,Jockey ELANCE Men Elance White Trunks 1015,Jockey ELANCE Men Elance White Trunks 1015 is a white trunk from Jockey. It is designed for men and suited to casual wear. Part of the winter season 2016 range. Listed under Apparel.,Apparel,Trunk,Jockey,White,Men,Casual,Winter,2016,31.95,USD,sample/images/28071.jpg,true
5004,Gini and Jony Girl's Delma Blue Kidswear,Gini and Jony Girl's Delma Blue Kidswear is a blue skirt from Gini and Jony. It is designed for women and suited to casual wear. Part of the summer season 2011 range. Listed under Apparel.,Apparel,Skirts,Gini and Jony,Blue,Women,Casual,Summer,2011,25.99,USD,sample/images/5004.jpg,true
59905,Femella Women Pink Printed Scarf,Femella Women Pink Printed Scarf is a pink scarve from Femella. It is designed for women and suited to casual wear. Part of the fall season 2012 range. Listed under Accessories.,Accessories,Scarves,Femella,Pink,Women,Casual,Fall,2012,19.49,USD,sample/images/59905.jpg,true
48955,Revv Men Steel Ring,Revv Men Steel Ring is a steel ring from Revv. It is designed for men and suited to casual wear. Part of the summer season 2013 range. Listed under Accessories.,Accessories,Ring,Revv,Steel,Men,Casual,Summer,2013,54.99,USD,sample/images/48955.jpg,true
23336,W Women Red Dupatta,W Women Red Dupatta is a red dupatta from W. It is designed for women and suited to ethnic wear. Part of the fall season 2011 range. Listed under Apparel.,Apparel,Dupatta,W,Red,Women,Ethnic,Fall,2011,60.99,USD,sample/images/23336.jpg,true
55410,Revlon ColorStay Overtime Eternally Tan Lip Gloss 340,Revlon ColorStay Overtime Eternally Tan Lip Gloss 340 is a brown lip gloss from Revlon. It is designed for women and suited to casual wear. Part of the spring season 2017 range. Listed under Personal Care.,Personal Care,Lip Gloss,Revlon,Brown,Women,Casual,Spring,2017,56.49,USD,sample/images/55410.jpg,true
24772,Belmonte Men Silver Cufflinks,Belmonte Men Silver Cufflinks is a pair of silver cufflinks from Belmonte. It is designed for men and suited to casual wear. Part of the fall season 2011 range. Listed under Accessories.,Accessories,Cufflinks,Belmonte,Silver,Men,Casual,Fall,2011,33.95,USD,sample/images/24772.jpg,true
58922,Hakashi Men Black Combo pack Tie+Cufflink+Pocket square,Hakashi Men Black Combo pack Tie+Cufflink+Pocket square is a black accessory gift set from Hakashi. It is designed for men and suited to casual wear. Part of the summer season 2012 range. Listed under Accessories.,Accessories,Accessory Gift Set,Hakashi,Black,Men,Casual,Summer,2012,17.99,USD,sample/images/58922.jpg,true
21916,Biba Women Green & Black Printed Churidar Kurta with Dupatta,Biba Women Green & Black Printed Churidar Kurta with Dupatta is a green kurta set from Biba. It is designed for women and suited to ethnic wear. Part of the fall season 2011 range. Listed under Apparel.,Apparel,Kurta Sets,Biba,Green,Women,Ethnic,Fall,2011,81.99,USD,sample/images/21916.jpg,true
55545,Revlon Colorstay One-Stroke Defining Blooming Blue Eye Pencil,Revlon Colorstay One-Stroke Defining Blooming Blue Eye Pencil is a blue kajal and eyeliner from Revlon. It is designed for women and suited to casual wear. Part of the spring season 2017 range. Listed under Personal Care.,Personal Care,Kajal and Eyeliner,Revlon,Blue,Women,Casual,Spring,2017,83.95,USD,sample/images/55545.jpg,true
30029,Kenneth Cole Men White Dial Watch,Kenneth Cole Men White Dial Watch is a white free gift from Kenneth Cole. It is designed for men and suited to casual wear. Part of the winter season 2016 range. Listed under Free Items.,Free Items,Free Gifts,Kenneth Cole,White,Men,Casual,Winter,2016,40.95,USD,sample/images/30029.jpg,true
35014,Fabindia Women Printed Blue Stole,Fabindia Women Printed Blue Stole is a blue stole from Fabindia. It is designed for women and suited to ethnic wear. Part of the summer season 2012 range. Listed under Accessories.,Accessories,Stoles,Fabindia,Blue,Women,Ethnic,Summer,2012,51.99,USD,sample/images/35014.jpg,true
35173,Wildcraft Unisex Black & Red Duffel Bag,Wildcraft Unisex Black & Red Duffel Bag is a red duffel bag from Wildcraft. It is a unisex design and suited to casual wear. Part of the summer season 2015 range. Listed under Accessories.,Accessories,Duffel Bag,Wildcraft,Red,Unisex,Casual,Summer,2015,46.49,USD,sample/images/35173.jpg,true
46207,Adrika Women Pink Bangle,Adrika Women Pink Bangle is a white bangle from Adrika. It is designed for women and suited to casual wear. Part of the winter season 2015 range. Listed under Accessories.,Accessories,Bangle,Adrika,White,Women,Casual,Winter,2015,39.99,USD,sample/images/46207.jpg,true
6533,Nike Unisex Allegian Laptop Bag,Nike Unisex Allegian Laptop Bag is a black laptop bag from Nike. It is a unisex design and suited to casual wear. Part of the summer season 2011 range. Listed under Accessories.,Accessories,Laptop Bag,Nike,Black,Unisex,Casual,Summer,2011,52.49,USD,sample/images/6533.jpg,true
55243,Lakme Perfecting Natural Pearl Liquid Foundation,Lakme Perfecting Natural Pearl Liquid Foundation is a skin foundation and primer from Lakme. It is designed for women and suited to casual wear. Part of the summer season 2019 range. Listed under Personal Care.,Personal Care,Foundation and Primer,Lakme,Skin,Women,Casual,Summer,2019,28.99,USD,sample/images/55243.jpg,true
38550,Puma Men Black Sandals,Puma Men Black Sandals is a pair of black sports sandals from Puma. It is designed for men and suited to casual wear. Part of the summer season 2012 range. Listed under Footwear.,Footwear,Sports Sandals,Puma,Black,Men,Casual,Summer,2012,17.95,USD,sample/images/38550.jpg,true
48575,Revv Men Steel Bracelet,Revv Men Steel Bracelet is a steel bracelet from Revv. It is designed for men and suited to casual wear. Part of the summer season 2012 range. Listed under Accessories.,Accessories,Bracelet,Revv,Steel,Men,Casual,Summer,2012,37.99,USD,sample/images/48575.jpg,true
49954,Hanes Men Black Lounge Pant,Hanes Men Black Lounge Pant is a pair of black lounge pants from Hanes. It is designed for men and suited to casual wear. Part of the summer season 2016 range. Listed under Apparel.,Apparel,Lounge Pants,Hanes,Black,Men,Casual,Summer,2016,48.99,USD,sample/images/49954.jpg,true
46042,Estelle Women Gold Jewellery Set,Estelle Women Gold Jewellery Set is a gold jewellery set from Estelle. It is designed for women and suited to casual wear. Part of the winter season 2016 range. Listed under Accessories.,Accessories,Jewellery Set,Estelle,Gold,Women,Casual,Winter,2016,44.99,USD,sample/images/46042.jpg,true
18451,Guess Marciano Women Fragrance Gift Set,Guess Marciano Women Fragrance Gift Set is an orange fragrance gift set from Guess. It is designed for women and suited to casual wear. Part of the spring season 2017 range. Listed under Personal Care.,Personal Care,Fragrance Gift Set,Guess,Orange,Women,Casual,Spring,2017,81.99,USD,sample/images/18451.jpg,true
44790,Calvin Klein Mens blue Boxers,Calvin Klein Mens blue Boxers is a blue boxer from Calvin Klein. It is designed for men and suited to casual wear. Part of the summer season 2016 range. Listed under Apparel.,Apparel,Boxers,Calvin Klein,Blue,Men,Casual,Summer,2016,89.95,USD,sample/images/44790.jpg,true
47385,Baggit Women Brown Micky Santa Mobile Pouch,Baggit Women Brown Micky Santa Mobile Pouch is a brown mobile pouch from Baggit. It is designed for women and suited to casual wear. Part of the fall season 2012 range. Listed under Accessories.,Accessories,Mobile Pouch,Baggit,Brown,Women,Casual,Fall,2012,84.99,USD,sample/images/47385.jpg,true
55108,Ponds Age Miracle Day Cream SPF 15,Ponds Age Miracle Day Cream SPF 15 is a white face moisturiser from Ponds. It is designed for women and suited to casual wear. Part of the spring season 2017 range. Listed under Personal Care.,Personal Care,Face Moisturisers,Ponds,White,Women,Casual,Spring,2017,62.95,USD,sample/images/55108.jpg,true
55480,Revlon Colorstay Chocolates Lip Liner,Revlon Colorstay Chocolates Lip Liner is a brown lip liner from Revlon. It is designed for women and suited to casual wear. Part of the spring season 2017 range. Listed under Personal Care.,Personal Care,Lip Liner,Revlon,Brown,Women,Casual,Spring,2017,26.99,USD,sample/images/55480.jpg,true
22656,Wildcraft Unisex Gear for Life Black & Blue Printed Messenger Bag,Wildcraft Unisex Gear for Life Black & Blue Printed Messenger Bag is a black messenger bag from Wildcraft. It is a unisex design and suited to casual wear. Part of the winter season 2015 range. Listed under Accessories.,Accessories,Messenger Bag,Wildcraft,Black,Unisex,Casual,Winter,2015,15.95,USD,sample/images/22656.jpg,true
25782,Arrow Men Black & White Suspenders,Arrow Men Black & White Suspenders is a black suspender from Arrow. It is designed for men and suited to formal wear. Part of the summer season 2012 range. Listed under Apparel.,Apparel,Suspenders,Arrow,Black,Men,Formal,Summer,2012,20.99,USD,sample/images/25782.jpg,true
52487,Red Rose Pink Camisole,Red Rose Pink Camisole is a pink camisole. It is designed for women and suited to casual wear. Part of the winter season 2015 range. Listed under Apparel.,Apparel,Camisoles,,Pink,Women,Casual,Winter,2015,84.99,USD,sample/images/52487.jpg,true
56192,Colorbar Time Plus Ivory Compact 004,Colorbar Time Plus Ivory Compact 004 is a skin compact from Colorbar. It is designed for women and suited to casual wear. Part of the spring season 2017 range. Listed under Personal Care.,Personal Care,Compact,Colorbar,Skin,Women,Casual,Spring,2017,26.95,USD,sample/images/56192.jpg,true
20051,United Colors Of Benetton Women Blue Muffler,United Colors Of Benetton Women Blue Muffler is a blue muffler from United Colors Of Benetton. It is designed for women and suited to casual wear. Part of the fall season 2011 range. Listed under Accessories.,Accessories,Mufflers,United Colors Of Benetton,Blue,Women,Casual,Fall,2011,62.99,USD,sample/images/20051.jpg,true
56194,Colorbar Blush New Peachy Rose Blusher 004,Colorbar Blush New Peachy Rose Blusher 004 is a pink highlighter and blush from Colorbar. It is designed for women and suited to casual wear. Part of the spring season 2017 range. Listed under Personal Care.,Personal Care,Highlighter and Blush,Colorbar,Pink,Women,Casual,Spring,2017,21.49,USD,sample/images/56194.jpg,true
47067,Shree Women Purple Patiala,Shree Women Purple Patiala is a purple patiala from Shree. It is designed for women and suited to ethnic wear. Part of the fall season 2012 range. Listed under Apparel.,Apparel,Patiala,Shree,Purple,Women,Ethnic,Fall,2012,26.99,USD,sample/images/47067.jpg,true
28139,Jockey SPORT Men Grey Melange Shorts 9411,Jockey SPORT Men Grey Melange Shorts 9411 is a pair of grey melange lounge shorts from Jockey. It is designed for men and suited to casual wear. Part of the winter season 2016 range. Listed under Apparel.,Apparel,Lounge Shorts,Jockey,Grey Melange,Men,Casual,Winter,2016,74.49,USD,sample/images/28139.jpg,true
51619,Kraus Jeans Women White Jeggings,Kraus Jeans Women White Jeggings is a white jegging from Kraus. It is designed for women and suited to casual wear. Part of the fall season 2012 range. Listed under Apparel.,Apparel,Jeggings,Kraus,White,Women,Casual,Fall,2012,78.99,USD,sample/images/51619.jpg,true
59881,Femella Women Black Stockings,Femella Women Black Stockings is a pair of black stockings from Femella. It is designed for women and suited to casual wear. Part of the fall season 2012 range. Listed under Apparel.,Apparel,Stockings,Femella,Black,Women,Casual,Fall,2012,76.99,USD,sample/images/59881.jpg,true
56135,Colorbar Black Tie Eye Shadow 010,Colorbar Black Tie Eye Shadow 010 is a black eyeshadow from Colorbar. It is designed for women and suited to casual wear. Part of the spring season 2017 range. Listed under Personal Care.,Personal Care,Eyeshadow,Colorbar,Black,Women,Casual,Spring,2017,65.99,USD,sample/images/56135.jpg,true
47044,Shree Women Multi Coloured Jodhpuri Salwar,Shree Women Multi Coloured Jodhpuri Salwar is a multi salwar from Shree. It is designed for women and suited to ethnic wear. Part of the fall season 2012 range. Listed under Apparel.,Apparel,Salwar,Shree,Multi,Women,Ethnic,Fall,2012,96.99,USD,sample/images/47044.jpg,true
30826,Fabindia Women Navy Blue Mangalgiri Churidar,Fabindia Women Navy Blue Mangalgiri Churidar is a navy blue churidar from Fabindia. It is designed for women and suited to ethnic wear. Part of the summer season 2012 range. Listed under Apparel.,Apparel,Churidar,Fabindia,Navy Blue,Women,Ethnic,Summer,2012,59.49,USD,sample/images/30826.jpg,true
16230,Puma Men Tricot Graphic Grey Tracksuit,Puma Men Tricot Graphic Grey Tracksuit is a grey tracksuit from Puma. It is designed for men and suited to sports wear. Part of the fall season 2011 range. Listed under Apparel.,Apparel,Tracksuits,Puma,Grey,Men,Sports,Fall,2011,45.99,USD,sample/images/16230.jpg,true
19542,United Colors of Benetton Men Solid Blue Gloves,United Colors of Benetton Men Solid Blue Gloves is a pair of blue gloves from United Colors of Benetton. It is designed for men and suited to casual wear. Part of the fall season 2011 range. Listed under Accessories.,Accessories,Gloves,United Colors of Benetton,Blue,Men,Casual,Fall,2011,23.99,USD,sample/images/19542.jpg,true
55516,Revlon Top Speed 60 Natural Brown Ammonia-Free Hair Colour,Revlon Top Speed 60 Natural Brown Ammonia-Free Hair Colour is a brown hair colour from Revlon. It is designed for women and suited to casual wear. Part of the spring season 2017 range. Listed under Personal Care.,Personal Care,Hair Colour,Revlon,Brown,Women,Casual,Spring,2017,53.49,USD,sample/images/55516.jpg,true
52513,Red Rose Women White & Blue Striped Bath Robes,Red Rose Women White & Blue Striped Bath Robes is a white bath robe. It is designed for women and suited to casual wear. Part of the winter season 2015 range. Listed under Apparel.,Apparel,Bath Robe,,White,Women,Casual,Winter,2015,61.95,USD,sample/images/52513.jpg,true
42973,Amante Magenta Swimsuit WFSD05,Amante Magenta Swimsuit WFSD05 is a magenta swimwear from Amante. It is designed for women and suited to casual wear. Part of the winter season 2015 range. Listed under Apparel.,Apparel,Swimwear,Amante,Magenta,Women,Casual,Winter,2015,90.95,USD,sample/images/42973.jpg,true
13177,Wildcraft Unisex Blue & Grey Convertable Sling Bag,Wildcraft Unisex Blue & Grey Convertable Sling Bag is a blue waist pouch from Wildcraft. It is a unisex design and suited to casual wear. Part of the winter season 2015 range. Listed under Accessories.,Accessories,Waist Pouch,Wildcraft,Blue,Unisex,Casual,Winter,2015,82.99,USD,sample/images/13177.jpg,true
55081,Ponds White Beauty Daily Spot-less Lightening Facial Foam,Ponds White Beauty Daily Spot-less Lightening Facial Foam is a pink face wash and cleanser from Ponds. It is designed for women and suited to casual wear. Part of the spring season 2017 range. Listed under Personal Care.,Personal Care,Face Wash and Cleanser,Ponds,Pink,Women,Casual,Spring,2017,65.99,USD,sample/images/55081.jpg,true
9572,Puma Unisex Big Cat Shoe Bag Black Bags,Puma Unisex Big Cat Shoe Bag Black Bags is a black travel accessory from Puma. It is a unisex design and suited to casual wear. Part of the fall season 2011 range. Listed under Accessories.,Accessories,Travel Accessory,Puma,Black,Unisex,Casual,Fall,2011,66.49,USD,sample/images/9572.jpg,true
48522,French Connection Women Blue Jumpsuit,French Connection Women Blue Jumpsuit is a blue jumpsuit from French Connection. It is designed for women and suited to casual wear. Part of the winter season 2011 range. Listed under Apparel.,Apparel,Jumpsuit,French Connection,Blue,Women,Casual,Winter,2011,92.99,USD,sample/images/48522.jpg,true
8583,Scullers Men Dark Grey Waistcoat,Scullers Men Dark Grey Waistcoat is a grey waistcoat from Scullers. It is designed for men and suited to casual wear. Part of the fall season 2011 range. Listed under Apparel.,Apparel,Waistcoat,Scullers,Grey,Men,Casual,Fall,2011,24.49,USD,sample/images/8583.jpg,true
57865,Biotique Women Bio Carrot SPF 40 Sunscreen Lotion,Biotique Women Bio Carrot SPF 40 Sunscreen Lotion is a yellow sunscreen from Biotique. It is designed for women and suited to casual wear. Part of the spring season 2017 range. Listed under Personal Care.,Personal Care,Sunscreen,Biotique,Yellow,Women,Casual,Spring,2017,18.99,USD,sample/images/57865.jpg,true
52480,Red Rose Blue & Black Nightdress,Red Rose Blue & Black Nightdress is a blue baby doll. It is designed for women and suited to casual wear. Part of the winter season 2015 range. Listed under Apparel.,Apparel,Baby Dolls,,Blue,Women,Casual,Winter,2015,81.49,USD,sample/images/52480.jpg,true
4011,Spalding Buror Grey Basketball,Spalding Buror Grey Basketball is a grey basketball from Spalding. It is a unisex design and suited to sports wear. Part of the summer season 2011 range. Listed under Sporting Goods.,Sporting Goods,Basketballs,Spalding,Grey,Unisex,Sports,Summer,2011,18.49,USD,sample/images/4011.jpg,true
37526,Madagascar3 Infant Girls Lemon Yellow Snapsuit Romper,Madagascar3 Infant Girls Lemon Yellow Snapsuit Romper is a yellow romper from Madagascar3. It is designed for boys and suited to casual wear. Part of the summer season 2012 range. Listed under Apparel.,Apparel,Rompers,Madagascar3,Yellow,Boys,Casual,Summer,2012,24.49,USD,sample/images/37526.jpg,true
37512,Madagascar 3 Infant Boys Blue Booties,Madagascar 3 Infant Boys Blue Booties is a pair of blue booties from Madagascar 3 Infant. It is designed for boys and suited to casual wear. Part of the summer season 2012 range. Listed under Apparel.,Apparel,Booties,Madagascar 3 Infant,Blue,Boys,Casual,Summer,2012,67.99,USD,sample/images/37512.jpg,true
55395,Revlon Double Twist  Blackest Black Volumizing Mascara 1954-01,Revlon Double Twist Blackest Black Volumizing Mascara 1954-01 is a black mascara from Revlon. It is designed for women and suited to casual wear. Part of the spring season 2017 range. Listed under Personal Care.,Personal Care,Mascara,Revlon,Black,Women,Casual,Spring,2017,78.99,USD,sample/images/55395.jpg,true
1808,Quechua Aluminium Print Water Bottle,Quechua Aluminium Print Water Bottle is a purple water bottle from Quechua. It is a unisex design and suited to sports wear. Part of the fall season 2010 range. Listed under Accessories.,Accessories,Water Bottle,Quechua,Purple,Unisex,Sports,Fall,2010,68.95,USD,sample/images/1808.jpg,true
55276,Lakme Rose Powder With Sunscreen,Lakme Rose Powder With Sunscreen is a skin concealer from Lakme. It is designed for women and suited to casual wear. Part of the spring season 2017 range. Listed under Personal Care.,Personal Care,Concealer,Lakme,Skin,Women,Casual,Spring,2017,41.99,USD,sample/images/55276.jpg,true
7113,Wildcraft Unisex Green & Grey Rucksack,Wildcraft Unisex Green & Grey Rucksack is a green rucksack from Wildcraft. It is a unisex design and suited to travel wear. Part of the winter season 2015 range. Listed under Accessories.,Accessories,Rucksacks,Wildcraft,Green,Unisex,Travel,Winter,2015,27.95,USD,sample/images/7113.jpg,true
57770,Lotus Herbals Women Claywhite Black Clay Skin Whitening Face Pack,Lotus Herbals Women Claywhite Black Clay Skin Whitening Face Pack is a yellow mask and peel from Lotus Herbals. It is designed for women and suited to casual wear. Part of the spring season 2017 range. Listed under Personal Care.,Personal Care,Mask and Peel,Lotus Herbals,Yellow,Women,Casual,Spring,2017,63.49,USD,sample/images/57770.jpg,true
40074,ADIDAS Women Navy Blue Tights,ADIDAS Women Navy Blue Tights is a pair of navy blue tights from ADIDAS. It is designed for women and suited to casual wear. Part of the summer season 2012 range. Listed under Apparel.,Apparel,Tights,ADIDAS,Navy Blue,Women,Casual,Summer,2012,71.95,USD,sample/images/40074.jpg,true
59730,Avirate White Wired Corset Shapewear,Avirate White Wired Corset Shapewear is a white shapewear from Avirate. It is designed for women and suited to casual wear. Part of the summer season 2014 range. Listed under Apparel.,Apparel,Shapewear,Avirate,White,Women,Casual,Summer,2014,52.95,USD,sample/images/59730.jpg,true
31729,Reid & Taylor Men Blue Blazer,Reid & Taylor Men Blue Blazer is a blue blazer from Reid & Taylor. It is designed for men and suited to formal wear. Part of the summer season 2012 range. Listed under Apparel.,Apparel,Blazers,Reid & Taylor,Blue,Men,Formal,Summer,2012,22.99,USD,sample/images/31729.jpg,true
1626,Kipsta F300 Football Size 5 Football,Kipsta F300 Football Size 5 Football is a blue football from Kipsta. It is a unisex design and suited to sports wear. Part of the summer season 2011 range. Listed under Sporting Goods.,Sporting Goods,Footballs,Kipsta,Blue,Unisex,Sports,Summer,2011,90.49,USD,sample/images/1626.jpg,true
36753,Little Miss Girls Chatterbox Blue Clothing Set,Little Miss Girls Chatterbox Blue Clothing Set is a blue clothing set from Little Miss. It is designed for girls and suited to casual wear. Part of the summer season 2012 range. Listed under Apparel.,Apparel,Clothing Set,Little Miss,Blue,Girls,Casual,Summer,2012,34.49,USD,sample/images/36753.jpg,true
57877,Biotique Bio Lip Sunflower Balm,Biotique Bio Lip Sunflower Balm is a green lip care from Biotique Bio. It is designed for women and suited to casual wear. Part of the spring season 2017 range. Listed under Personal Care.,Personal Care,Lip Care,Biotique Bio,Green,Women,Casual,Spring,2017,92.95,USD,sample/images/57877.jpg,true
50385,Vishudh Women Pink Salwar and Dupatta,Vishudh Women Pink Salwar and Dupatta is a pink salwar and dupatta from Vishudh. It is designed for women and suited to ethnic wear. Part of the fall season 2012 range. Listed under Apparel.,Apparel,Salwar and Dupatta,Vishudh,Pink,Women,Ethnic,Fall,2012,76.99,USD,sample/images/50385.jpg,true
3469,ADIDAS Unisex Black White Headband,ADIDAS Unisex Black White Headband is a black headband from ADIDAS. It is a unisex design and suited to sports wear. Part of the fall season 2010 range. Listed under Accessories.,Accessories,Headband,ADIDAS,Black,Unisex,Sports,Fall,2010,79.99,USD,sample/images/3469.jpg,true
8934,Puma Unisex Fundamentals Black Wristbands,Puma Unisex Fundamentals Black Wristbands is a black wristband from Puma. It is a unisex design and suited to casual wear. Part of the fall season 2011 range. Listed under Sporting Goods.,Sporting Goods,Wristbands,Puma,Black,Unisex,Casual,Fall,2011,42.49,USD,sample/images/8934.jpg,true
51319,Wildcraft Unisex Black Poncho Rain Jacket,Wildcraft Unisex Black Poncho Rain Jacket is a black rain jacket from Wildcraft. It is a unisex design and suited to casual wear. Part of the summer season 2012 range. Listed under Apparel.,Apparel,Rain Jacket,Wildcraft,Black,Unisex,Casual,Summer,2012,75.99,USD,sample/images/51319.jpg,true
21163,s.Oliver Women Solid Grey Shrug,s.Oliver Women Solid Grey Shrug is a grey shrug from s.Oliver. It is designed for women and suited to casual wear. Part of the fall season 2011 range. Listed under Apparel.,Apparel,Shrug,s.Oliver,Grey,Women,Casual,Fall,2011,94.49,USD,sample/images/21163.jpg,true
55197,Lakme Nail Colour Remover,Lakme Nail Colour Remover is a purple nail essential from Lakme. It is designed for women and suited to casual wear. Part of the spring season 2017 range. Listed under Personal Care.,Personal Care,Nail Essentials,Lakme,Purple,Women,Casual,Spring,2017,43.95,USD,sample/images/55197.jpg,true
14873,United Colors of Benetton Women Printed Purple Umbrellas,United Colors of Benetton Women Printed Purple Umbrellas is a purple umbrella from United Colors of Benetton. It is designed for women and suited to casual wear. Part of the summer season 2011 range. Listed under Accessories.,Accessories,Umbrellas,United Colors of Benetton,Purple,Women,Casual,Summer,2011,69.95,USD,sample/images/14873.jpg,true
30742,Fabindia Men Striped Blue Silk Sleeveless Jacket,Fabindia Men Striped Blue Silk Sleeveless Jacket is a blue nehru jacket from Fabindia. It is designed for men and suited to ethnic wear. Part of the summer season 2012 range. Listed under Apparel.,Apparel,Nehru Jackets,Fabindia,Blue,Men,Ethnic,Summer,2012,56.99,USD,sample/images/30742.jpg,true
57892,Biotique Women Bio Almond Eye Cream,Biotique Women Bio Almond Eye Cream is a beige eye cream from Biotique. It is designed for women and suited to casual wear. Part of the spring season 2017 range. Listed under Personal Care.,Personal Care,Eye Cream,Biotique,Beige,Women,Casual,Spring,2017,48.99,USD,sample/images/57892.jpg,true
45087,Bwitch Women Pink Lily Robe,Bwitch Women Pink Lily Robe is a pink robe from Bwitch. It is designed for women and suited to casual wear. Part of the summer season 2016 range. Listed under Apparel.,Apparel,Robe,Bwitch,Pink,Women,Casual,Summer,2016,27.49,USD,sample/images/45087.jpg,true
57880,Biotique Women Bio Walnut Purifying & Polishing Scrub,Biotique Women Bio Walnut Purifying & Polishing Scrub is a green face scrub and exfoliator from Biotique. It is designed for women and suited to casual wear. Part of the spring season 2017 range. Listed under Personal Care.,Personal Care,Face Scrub and Exfoliator,Biotique,Green,Women,Casual,Spring,2017,59.49,USD,sample/images/57880.jpg,true
59673,FNF Red Bridal Collection Lehenga Choli,FNF Red Bridal Collection Lehenga Choli is a red lehenga choli from FNF. It is designed for women and suited to ethnic wear. Part of the fall season 2012 range. Listed under Apparel.,Apparel,Lehenga Choli,FNF,Red,Women,Ethnic,Fall,2012,24.99,USD,sample/images/59673.jpg,true
49103,Deborah Chocolate Volume Lip Plumper 05,Deborah Chocolate Volume Lip Plumper 05 is a copper lip plumper from Deborah. It is designed for women and suited to casual wear. Part of the spring season 2017 range. Listed under Personal Care.,Personal Care,Lip Plumper,Deborah,Copper,Women,Casual,Spring,2017,72.49,USD,sample/images/49103.jpg,true
6843,Timberland Unisex Suede Restorer Brush Shoe Accessories,Timberland Unisex Suede Restorer Brush Shoe Accessories is a black shoe accessory from Timberland. It is a unisex design and suited to casual wear. Part of the summer season 2011 range. Listed under Accessories.,Accessories,Shoe Accessories,Timberland,Black,Unisex,Casual,Summer,2011,26.95,USD,sample/images/6843.jpg,true
42064,American Tourister Unisex Black Trolley Bag,American Tourister Unisex Black Trolley Bag is a black trolley bag from American Tourister. It is a unisex design and suited to casual wear. Part of the summer season 2012 range. Listed under Accessories.,Accessories,Trolley Bag,American Tourister,Black,Unisex,Casual,Summer,2012,74.95,USD,sample/images/42064.jpg,true
55834,Colorbar Miss Reflective Body Shimmer 001,Colorbar Miss Reflective Body Shimmer 001 is a skin beauty accessory from Colorbar. It is designed for women and suited to casual wear. Part of the spring season 2017 range. Listed under Personal Care.,Personal Care,Beauty Accessory,Colorbar,Skin,Women,Casual,Spring,2017,80.99,USD,sample/images/55834.jpg,true
51981,Inaya Women Black Lounge Top,Inaya Women Black Lounge Top is a black lounge tshirt from Inaya. It is designed for women and suited to casual wear. Part of the summer season 2016 range. Listed under Apparel.,Apparel,Lounge Tshirts,Inaya,Black,Women,Casual,Summer,2016,23.95,USD,sample/images/51981.jpg,true
38445,Baggit Women Black I-Pad Cover,Baggit Women Black I-Pad Cover is a black tablet sleeve from Baggit. It is designed for women and suited to casual wear. Part of the summer season 2012 range. Listed under Accessories.,Accessories,Tablet Sleeve,Baggit,Black,Women,Casual,Summer,2012,45.49,USD,sample/images/38445.jpg,true
57874,Biotique Bio Coco Butter Tissue Firming Body Balm,Biotique Bio Coco Butter Tissue Firming Body Balm is a green body lotion from Biotique Bio. It is designed for women and suited to casual wear. Part of the spring season 2017 range. Listed under Personal Care.,Personal Care,Body Lotion,Biotique Bio,Green,Women,Casual,Spring,2017,69.99,USD,sample/images/57874.jpg,true
12440,Timberland Unisex Casual Black Skull Caps,Timberland Unisex Casual Black Skull Caps is a black hat from Timberland. It is a unisex design and suited to casual wear. Part of the fall season 2011 range. Listed under Accessories.,Accessories,Hat,Timberland,Black,Unisex,Casual,Fall,2011,52.99,USD,sample/images/12440.jpg,true
58548,Miami Blues Women Sunglasses,Miami Blues Women Sunglasses is a pair of brown ties and cufflinks from Miami Blues. It is designed for women and suited to casual wear. Part of the spring season 2013 range. Listed under Accessories.,Accessories,Ties and Cufflinks,Miami Blues,Brown,Women,Casual,Spring,2013,85.95,USD,sample/images/58548.jpg,true
42066,American Tourister Unisex Black Key Case,American Tourister Unisex Black Key Case is a black key chain from American Tourister. It is a unisex design and suited to casual wear. Part of the summer season 2012 range. Listed under Accessories.,Accessories,Key chain,American Tourister,Black,Unisex,Casual,Summer,2012,54.95,USD,sample/images/42066.jpg,true
55337,Revlon Age Defying Sculpt -Logic Re-shaping Toner,Revlon Age Defying Sculpt -Logic Re-shaping Toner is a gold toner from Revlon. It is designed for women and suited to casual wear. Part of the spring season 2017 range. Listed under Personal Care.,Personal Care,Toner,Revlon,Gold,Women,Casual,Spring,2017,71.99,USD,sample/images/55337.jpg,true
59851,Olay Women White Radiance Intensive Brightening Serum,Olay Women White Radiance Intensive Brightening Serum is a white face serum and gel from Olay. It is designed for women and suited to casual wear. Part of the spring season 2017 range. Listed under Personal Care.,Personal Care,Face Serum and Gel,Olay,White,Women,Casual,Spring,2017,70.99,USD,sample/images/59851.jpg,true
55394,Revlon Eye & Lip Makeup Remover,Revlon Eye & Lip Makeup Remover is a white makeup remover from Revlon. It is designed for women and suited to casual wear. Part of the spring season 2017 range. Listed under Personal Care.,Personal Care,Makeup Remover,Revlon,White,Women,Casual,Spring,2017,93.49,USD,sample/images/55394.jpg,true
6904,Tantra Women's Cool Orange T-shirt,Tantra Women's Cool Orange T-shirt is an orange tshirt from Tantra. It is designed for women and suited to casual wear. Part of the summer season 2011 range. Listed under Apparel.,Apparel,Tshirts,Tantra,Orange,Women,Casual,Summer,2011,47.49,USD,sample/images/6904.jpg,true
14787,Arrow Men Stripes Maroon Slim Fit Shirt,Arrow Men Stripes Maroon Slim Fit Shirt is a maroon shirt from Arrow. It is designed for men and suited to formal wear. Part of the fall season 2011 range. Listed under Apparel.,Apparel,Shirts,Arrow,Maroon,Men,Formal,Fall,2011,62.99,USD,sample/images/14787.jpg,true
19354,Numero Uno Men White Shoes,Numero Uno Men White Shoes is a pair of white casual shoes from Numero Uno. It is designed for men and suited to casual wear. Part of the summer season 2012 range. Listed under Footwear.,Footwear,Casual Shoes,Numero Uno,White,Men,Casual,Summer,2012,74.99,USD,sample/images/19354.jpg,true
29499,Giordano Women Blue Dial Watch,Giordano Women Blue Dial Watch is a blue watch from Giordano. It is designed for women and suited to casual wear. Part of the winter season 2016 range. Listed under Accessories.,Accessories,Watches,Giordano,Blue,Women,Casual,Winter,2016,300.95,USD,sample/images/29499.jpg,true
39683,Lotto Men White Sports Shoe,Lotto Men White Sports Shoe is a pair of white sports shoes from Lotto. It is designed for men and suited to sports wear. Part of the summer season 2012 range. Listed under Footwear.,Footwear,Sports Shoes,Lotto,White,Men,Sports,Summer,2012,146.99,USD,sample/images/39683.jpg,true
54700,Shree Women Black and White Printed Kurta,Shree Women Black and White Printed Kurta is a black kurta from Shree. It is designed for women and suited to ethnic wear. Part of the summer season 2012 range. Listed under Apparel.,Apparel,Kurtas,Shree,Black,Women,Ethnic,Summer,2012,42.49,USD,sample/images/54700.jpg,true
4889,Levis Kids Girl's Dionne White Kidswear,Levis Kids Girl's Dionne White Kidswear is a white top from Levis. It is designed for women and suited to casual wear. Part of the summer season 2011 range. Listed under Apparel.,Apparel,Tops,Levis,White,Women,Casual,Summer,2011,40.49,USD,sample/images/4889.jpg,true
58926,Ivory Tag Multi Coloured Vintage Patched Handbag,Ivory Tag Multi Coloured Vintage Patched Handbag is a multi handbag from Ivory Tag. It is designed for women and suited to casual wear. Part of the summer season 2012 range. Listed under Accessories.,Accessories,Handbags,Ivory Tag,Multi,Women,Casual,Summer,2012,175.95,USD,sample/images/58926.jpg,true
56896,HM Women Black Heels,HM Women Black Heels is a pair of black heels from HM. It is designed for women and suited to casual wear. Part of the winter season 2012 range. Listed under Footwear.,Footwear,Heels,HM,Black,Women,Casual,Winter,2012,48.99,USD,sample/images/56896.jpg,true
8640,Fastrack Women Sunglasses,Fastrack Women Sunglasses is a pair of brown sunglasses from Fastrack. It is designed for women and suited to casual wear. Part of the winter season 2016 range. Listed under Accessories.,Accessories,Sunglasses,Fastrack,Brown,Women,Casual,Winter,2016,120.95,USD,sample/images/8640.jpg,true
29087,Fastrack Men Leather Brown Wallet,Fastrack Men Leather Brown Wallet is a brown wallet from Fastrack. It is designed for men and suited to casual wear. Part of the winter season 2016 range. Listed under Accessories.,Accessories,Wallets,Fastrack,Brown,Men,Casual,Winter,2016,40.99,USD,sample/images/29087.jpg,true
40752,Roxy Women Black Flip Flops,Roxy Women Black Flip Flops is a pair of black flip flops from Roxy. It is designed for women and suited to casual wear. Part of the winter season 2012 range. Listed under Footwear.,Footwear,Flip Flops,Roxy,Black,Women,Casual,Winter,2012,27.95,USD,sample/images/40752.jpg,true
11876,Franco Leone Men Casual Black Sandals,Franco Leone Men Casual Black Sandals is a pair of black sandals from Franco Leone. It is designed for men and suited to casual wear. Part of the summer season 2012 range. Listed under Footwear.,Footwear,Sandals,Franco Leone,Black,Men,Casual,Summer,2012,18.95,USD,sample/images/11876.jpg,true
50506,Chromozome Men Black Briefs,Chromozome Men Black Briefs is a black brief from Chromozome. It is designed for men and suited to casual wear. Part of the winter season 2016 range. Listed under Apparel.,Apparel,Briefs,Chromozome,Black,Men,Casual,Winter,2016,39.99,USD,sample/images/50506.jpg,true
42950,French Connection Men Brown Belt,French Connection Men Brown Belt is a brown belt from French Connection. It is designed for men and suited to casual wear. Part of the summer season 2012 range. Listed under Accessories.,Accessories,Belts,French Connection,Brown,Men,Casual,Summer,2012,40.49,USD,sample/images/42950.jpg,true
6557,Nike Unisex All Access HA Blue Blackpack,Nike Unisex All Access HA Blue Blackpack is a blue backpack from Nike. It is a unisex design and suited to casual wear. Part of the summer season 2011 range. Listed under Accessories.,Accessories,Backpacks,Nike,Blue,Unisex,Casual,Summer,2011,102.99,USD,sample/images/6557.jpg,true
12736,Nike Kids Sport Hi Quarter Pack of 3 Socks,Nike Kids Sport Hi Quarter Pack of 3 Socks is a pair of grey socks from Nike. It is a unisex design and suited to sports wear. Part of the fall season 2011 range. Listed under Accessories.,Accessories,Socks,Nike,Grey,Unisex,Sports,Fall,2011,17.95,USD,sample/images/12736.jpg,true
16151,Enroute Men Leather Brown Formal Shoes,Enroute Men Leather Brown Formal Shoes is a pair of brown formal shoes from Enroute. It is designed for men and suited to formal wear. Part of the fall season 2011 range. Listed under Footwear.,Footwear,Formal Shoes,Enroute,Brown,Men,Formal,Fall,2011,97.99,USD,sample/images/16151.jpg,true
44081,Hugo Women Perfume,Hugo Women Perfume is a red perfume and body mist from Hugo. It is designed for women and suited to casual wear. Part of the spring season 2017 range. Listed under Personal Care.,Personal Care,Perfume and Body Mist,Hugo,Red,Women,Casual,Spring,2017,34.49,USD,sample/images/44081.jpg,true
11281,Wrangler Men Blue Texas Jeans,Wrangler Men Blue Texas Jeans is a pair of blue jeans from Wrangler. It is designed for men and suited to casual wear. Part of the summer season 2016 range. Listed under Apparel.,Apparel,Jeans,Wrangler,Blue,Men,Casual,Summer,2016,100.95,USD,sample/images/11281.jpg,true
37560,Madagascar3 Girls White Shorts,Madagascar3 Girls White Shorts is a pair of white shorts from Madagascar3. It is designed for girls and suited to casual wear. Part of the summer season 2012 range. Listed under Apparel.,Apparel,Shorts,Madagascar3,White,Girls,Casual,Summer,2012,22.49,USD,sample/images/37560.jpg,true
31488,Black Coffee Men Striped Black Trousers,Black Coffee Men Striped Black Trousers is a pair of black trousers. It is designed for men and suited to formal wear. Part of the summer season 2012 range. Listed under Apparel.,Apparel,Trousers,,Black,Men,Formal,Summer,2012,100.49,USD,sample/images/31488.jpg,true
29583,Puma Women Grace Silver Sandals,Puma Women Grace Silver Sandals is a pair of silver flats from Puma. It is designed for women and suited to casual wear. Part of the summer season 2012 range. Listed under Footwear.,Footwear,Flats,Puma,Silver,Women,Casual,Summer,2012,62.95,USD,sample/images/29583.jpg,true
27403,Jockey Essence Jane Beige Bra 1243,Jockey Essence Jane Beige Bra 1243 is a beige bra from Jockey. It is designed for women and suited to casual wear. Part of the winter season 2015 range. Listed under Apparel.,Apparel,Bra,Jockey,Beige,Women,Casual,Winter,2015,70.95,USD,sample/images/27403.jpg,true
25972,Femella Women Brown Dress,Femella Women Brown Dress is a brown dress from Femella. It is designed for women and suited to casual wear. Part of the summer season 2012 range. Listed under Apparel.,Apparel,Dresses,Femella,Brown,Women,Casual,Summer,2012,54.49,USD,sample/images/25972.jpg,true
53032,FNF Red Printed Sari,FNF Red Printed Sari is a red saree from FNF. It is designed for women and suited to ethnic wear. Part of the fall season 2012 range. Listed under Apparel.,Apparel,Sarees,FNF,Red,Women,Ethnic,Fall,2012,193.95,USD,sample/images/53032.jpg,true
48639,Lucera Women Gold Earrings,Lucera Women Gold Earrings is a pair of silver earrings from Lucera. It is designed for women and suited to casual wear. Part of the summer season 2012 range. Listed under Accessories.,Accessories,Earrings,Lucera,Silver,Women,Casual,Summer,2012,72.49,USD,sample/images/48639.jpg,true
23609,Nike Fragrances Women Blue Fantasy Deo,Nike Fragrances Women Blue Fantasy Deo is a white deodorant from Nike. It is designed for women and suited to casual wear. Part of the spring season 2017 range. Listed under Personal Care.,Personal Care,Deodorant,Nike,White,Women,Casual,Spring,2017,11.49,USD,sample/images/23609.jpg,true
7931,Puma Men Jersey Long Grey Track Pant,Puma Men Jersey Long Grey Track Pant is a pair of grey track pants from Puma. It is designed for men and suited to sports wear. Part of the fall season 2011 range. Listed under Apparel.,Apparel,Track Pants,Puma,Grey,Men,Sports,Fall,2011,33.99,USD,sample/images/7931.jpg,true
25136,Lino Perros Women Gold Clutch,Lino Perros Women Gold Clutch is a gold clutch from Lino Perros. It is designed for women and suited to casual wear. Part of the winter season 2015 range. Listed under Accessories.,Accessories,Clutches,Lino Perros,Gold,Women,Casual,Winter,2015,23.49,USD,sample/images/25136.jpg,true
2268,Nike Grey Women Sweatshirt,Nike Grey Women Sweatshirt is a grey sweatshirt from Nike. It is designed for women and suited to sports wear. Part of the fall season 2010 range. Listed under Apparel.,Apparel,Sweatshirts,Nike,Grey,Women,Sports,Fall,2010,77.99,USD,sample/images/2268.jpg,true
25709,ADIDAS Unisex Red Cap,ADIDAS Unisex Red Cap is a red cap from ADIDAS. It is a unisex design and suited to sports wear. Part of the summer season 2012 range. Listed under Accessories.,Accessories,Caps,ADIDAS,Red,Unisex,Sports,Summer,2012,24.95,USD,sample/images/25709.jpg,true
55135,Lakme Truewear Color Crush Nail Polish 05,Lakme Truewear Color Crush Nail Polish 05 is a yellow nail polish from Lakme. It is designed for women and suited to casual wear. Part of the spring season 2017 range. Listed under Personal Care.,Personal Care,Nail Polish,Lakme,Yellow,Women,Casual,Spring,2017,7.49,USD,sample/images/55135.jpg,true
19524,United Colors of Benetton Men Solid Blue Sweater,United Colors of Benetton Men Solid Blue Sweater is a blue sweater from United Colors of Benetton. It is designed for men and suited to casual wear. Part of the fall season 2011 range. Listed under Apparel.,Apparel,Sweaters,United Colors of Benetton,Blue,Men,Casual,Fall,2011,94.99,USD,sample/images/19524.jpg,true
49726,Park Avenue Men Grey Tie,Park Avenue Men Grey Tie is a grey tie from Park Avenue. It is designed for men and suited to casual wear. Part of the summer season 2012 range. Listed under Accessories.,Accessories,Ties,Park Avenue,Grey,Men,Casual,Summer,2012,83.49,USD,sample/images/49726.jpg,true
57594,Lotus Herbals Pink Mink Lipstick 143,Lotus Herbals Pink Mink Lipstick 143 is a pink lipstick from Lotus Herbals. It is designed for women and suited to casual wear. Part of the spring season 2017 range. Listed under Personal Care.,Personal Care,Lipstick,Lotus Herbals,Pink,Women,Casual,Spring,2017,14.49,USD,sample/images/57594.jpg,true
15014,ADIDAS Men Solid Black Jackets,ADIDAS Men Solid Black Jackets is a black jacket from ADIDAS. It is designed for men and suited to sports wear. Part of the fall season 2011 range. Listed under Apparel.,Apparel,Jackets,ADIDAS,Black,Men,Sports,Fall,2011,190.95,USD,sample/images/15014.jpg,true
31408,Spykar Men Black Innerwear Vest,Spykar Men Black Innerwear Vest is a black innerwear vest from Spykar. It is designed for men and suited to casual wear. Part of the summer season 2016 range. Listed under Apparel.,Apparel,Innerwear Vests,Spykar,Black,Men,Casual,Summer,2016,56.49,USD,sample/images/31408.jpg,true
40185,Mumbai Slang Women Floral White Kurti,Mumbai Slang Women Floral White Kurti is a white kurtis from Mumbai Slang. It is designed for women and suited to ethnic wear. Part of the summer season 2012 range. Listed under Apparel.,Apparel,Kurtis,Mumbai Slang,White,Women,Ethnic,Summer,2012,28.99,USD,sample/images/40185.jpg,true
7157,Scullers For Her Women Fashion Summer Black Tunics,Scullers For Her Women Fashion Summer Black Tunics is a black tunic from Scullers. It is designed for women and suited to casual wear. Part of the fall season 2011 range. Listed under Apparel.,Apparel,Tunics,Scullers,Black,Women,Casual,Fall,2011,44.95,USD,sample/images/7157.jpg,true
52398,Red Rose Women Blue Nightdress,Red Rose Women Blue Nightdress is a blue nightdress. It is designed for women and suited to casual wear. Part of the winter season 2015 range. Listed under Apparel.,Apparel,Nightdress,,Blue,Women,Casual,Winter,2015,32.99,USD,sample/images/52398.jpg,true
23043,Arrow Woman Blue Jeggings,Arrow Woman Blue Jeggings is a pair of blue leggings from Arrow. It is designed for women and suited to casual wear. Part of the fall season 2011 range. Listed under Apparel.,Apparel,Leggings,Arrow,Blue,Women,Casual,Fall,2011,71.49,USD,sample/images/23043.jpg,true
59505,Lucera Silver Pendant With Chain,Lucera Silver Pendant With Chain is a silver pendant from Lucera. It is designed for women and suited to casual wear. Part of the fall season 2012 range. Listed under Accessories.,Accessories,Pendant,Lucera,Silver,Women,Casual,Fall,2012,26.99,USD,sample/images/59505.jpg,true
28464,Urban Yoga Women Turquoise Blue Capri,Urban Yoga Women Turquoise Blue Capri is a pair of turquoise blue capris from Urban Yoga. It is designed for women and suited to sports wear. Part of the summer season 2012 range. Listed under Apparel.,Apparel,Capris,Urban Yoga,Turquoise Blue,Women,Sports,Summer,2012,34.95,USD,sample/images/28464.jpg,true
54171,Femella Wooden Balls Necklace,Femella Wooden Balls Necklace is a yellow necklace and chain from Femella. It is designed for women and suited to casual wear. Part of the fall season 2012 range. Listed under Accessories.,Accessories,Necklace and Chains,Femella,Yellow,Women,Casual,Fall,2012,118.95,USD,sample/images/54171.jpg,true
52416,Red Rose Women Purple Pyjama Set,Red Rose Women Purple Pyjama Set is a purple night suit. It is designed for women and suited to casual wear. Part of the winter season 2015 range. Listed under Apparel.,Apparel,Night suits,,Purple,Women,Casual,Winter,2015,69.49,USD,sample/images/52416.jpg,true
50487,Chromozome Men Red Trunk Trunks,Chromozome Men Red Trunk Trunks is a red trunk from Chromozome. It is designed for men and suited to casual wear. Part of the winter season 2016 range. Listed under Apparel.,Apparel,Trunk,Chromozome,Red,Men,Casual,Winter,2016,87.99,USD,sample/images/50487.jpg,true
42290,Gini and Jony Girls Pink Skirt,Gini and Jony Girls Pink Skirt is a pink skirt from Gini and Jony. It is designed for girls and suited to casual wear. Part of the summer season 2012 range. Listed under Apparel.,Apparel,Skirts,Gini and Jony,Pink,Girls,Casual,Summer,2012,27.49,USD,sample/images/42290.jpg,true
35090,Allen Solly Woman Check Olive Scarf,Allen Solly Woman Check Olive Scarf is an olive scarve from Allen Solly. It is designed for women and suited to casual wear. Part of the summer season 2012 range. Listed under Accessories.,Accessories,Scarves,Allen Solly,Olive,Women,Casual,Summer,2012,39.99,USD,sample/images/35090.jpg,true
59470,Lucera Gold Plated Ring,Lucera Gold Plated Ring is a gold ring from Lucera. It is designed for women and suited to casual wear. Part of the summer season 2013 range. Listed under Accessories.,Accessories,Ring,Lucera,Gold,Women,Casual,Summer,2013,19.49,USD,sample/images/59470.jpg,true
34933,Fabindia Women Lavender Dupatta,Fabindia Women Lavender Dupatta is a lavender dupatta from Fabindia. It is designed for women and suited to ethnic wear. Part of the summer season 2012 range. Listed under Apparel.,Apparel,Dupatta,Fabindia,Lavender,Women,Ethnic,Summer,2012,107.99,USD,sample/images/34933.jpg,true
56085,Colorbar Pearliser Star Shine Lip Gloss 08,Colorbar Pearliser Star Shine Lip Gloss 08 is a white lip gloss from Colorbar. It is designed for women and suited to casual wear. Part of the spring season 2017 range. Listed under Personal Care.,Personal Care,Lip Gloss,Colorbar,White,Women,Casual,Spring,2017,17.99,USD,sample/images/56085.jpg,true
58868,Hakashi Men Green Cufflinks,Hakashi Men Green Cufflinks is a pair of steel cufflinks from Hakashi. It is designed for men and suited to casual wear. Part of the summer season 2012 range. Listed under Accessories.,Accessories,Cufflinks,Hakashi,Steel,Men,Casual,Summer,2012,66.95,USD,sample/images/58868.jpg,true
17378,Arrow Men Formal Purple Tie+Cufflink+Pocket square - Combo Pack,Arrow Men Formal Purple Tie+Cufflink+Pocket square - Combo Pack is a purple accessory gift set from Arrow. It is designed for men and suited to formal wear. Part of the fall season 2011 range. Listed under Accessories.,Accessories,Accessory Gift Set,Arrow,Purple,Men,Formal,Fall,2011,118.49,USD,sample/images/17378.jpg,true
53817,Ayaany Women White & Green Self-Design Patiala Kurta Set,Ayaany Women White & Green Self-Design Patiala Kurta Set is a white kurta set from Ayaany. It is designed for women and suited to ethnic wear. Part of the fall season 2012 range. Listed under Apparel.,Apparel,Kurta Sets,Ayaany,White,Women,Ethnic,Fall,2012,97.49,USD,sample/images/53817.jpg,true
56154,Colorbar I-Glide Coal Mine Eye Pencil 09,Colorbar I-Glide Coal Mine Eye Pencil 09 is a black kajal and eyeliner from Colorbar. It is designed for women and suited to casual wear. Part of the spring season 2017 range. Listed under Personal Care.,Personal Care,Kajal and Eyeliner,Colorbar,Black,Women,Casual,Spring,2017,70.49,USD,sample/images/56154.jpg,true
36346,Reid & Taylor Men Maroon Checked Tie,Reid & Taylor Men Maroon Checked Tie is a maroon free gift from Reid & Taylor. It is designed for men and suited to casual wear. Part of the summer season 2012 range. Listed under Free Items.,Free Items,Free Gifts,Reid & Taylor,Maroon,Men,Casual,Summer,2012,94.99,USD,sample/images/36346.jpg,true
31896,Fabindia Women Red Noil Silk & Wool Stole,Fabindia Women Red Noil Silk & Wool Stole is a red stole from Fabindia. It is designed for women and suited to ethnic wear. Part of the summer season 2012 range. Listed under Accessories.,Accessories,Stoles,Fabindia,Red,Women,Ethnic,Summer,2012,98.99,USD,sample/images/31896.jpg,true
39883,ADIDAS Unisex Blue Duffle Bag,ADIDAS Unisex Blue Duffle Bag is a blue duffel bag from ADIDAS. It is a unisex design and suited to casual wear. Part of the spring season 2012 range. Listed under Accessories.,Accessories,Duffel Bag,ADIDAS,Blue,Unisex,Casual,Spring,2012,73.95,USD,sample/images/39883.jpg,true
46208,Adrika Women Black Bangle,Adrika Women Black Bangle is a black bangle from Adrika. It is designed for women and suited to casual wear. Part of the winter season 2015 range. Listed under Accessories.,Accessories,Bangle,Adrika,Black,Women,Casual,Winter,2015,35.95,USD,sample/images/46208.jpg,true
54823,Ivory Tag Brown Plaid Jetsetter Laptop Bag,Ivory Tag Brown Plaid Jetsetter Laptop Bag is a brown laptop bag from Ivory Tag. It is designed for women and suited to casual wear. Part of the summer season 2012 range. Listed under Accessories.,Accessories,Laptop Bag,Ivory Tag,Brown,Women,Casual,Summer,2012,42.49,USD,sample/images/54823.jpg,true
55248,Lakme Face Magic Natural Shell Daily Wear Souffle,Lakme Face Magic Natural Shell Daily Wear Souffle is a skin foundation and primer from Lakme. It is designed for women and suited to casual wear. Part of the spring season 2017 range. Listed under Personal Care.,Personal Care,Foundation and Primer,Lakme,Skin,Women,Casual,Spring,2017,61.99,USD,sample/images/55248.jpg,true
26692,Puma Men Black Roque Sandals,Puma Men Black Roque Sandals is a pair of black sports sandals from Puma. It is designed for men and suited to casual wear. Part of the summer season 2012 range. Listed under Footwear.,Footwear,Sports Sandals,Puma,Black,Men,Casual,Summer,2012,21.49,USD,sample/images/26692.jpg,true
48319,Pitaraa Golden Omelette Thin Bracelet,Pitaraa Golden Omelette Thin Bracelet is a gold bracelet from Pitaraa. It is designed for women and suited to casual wear. Part of the winter season 2012 range. Listed under Accessories.,Accessories,Bracelet,Pitaraa,Gold,Women,Casual,Winter,2012,46.99,USD,sample/images/48319.jpg,true
50660,Chromozome Men Black Lounge Pants,Chromozome Men Black Lounge Pants is a pair of black lounge pants from Chromozome. It is designed for men and suited to sports wear. Part of the summer season 2016 range. Listed under Apparel.,Apparel,Lounge Pants,Chromozome,Black,Men,Sports,Summer,2016,52.49,USD,sample/images/50660.jpg,true
56220,Estelle Women Gold Jewellery Set,Estelle Women Gold Jewellery Set is a gold jewellery set from Estelle. It is designed for women and suited to casual wear. Part of the winter season 2016 range. Listed under Accessories.,Accessories,Jewellery Set,Estelle,Gold,Women,Casual,Winter,2016,71.95,USD,sample/images/56220.jpg,true
43398,ADIDAS Women Fruity Rhythm Perfume & Deo Set,ADIDAS Women Fruity Rhythm Perfume & Deo Set is a green fragrance gift set from ADIDAS. It is designed for women and suited to casual wear. Part of the spring season 2017 range. Listed under Personal Care.,Personal Care,Fragrance Gift Set,ADIDAS,Green,Women,Casual,Spring,2017,64.95,USD,sample/images/43398.jpg,true
42979,FCUK Black & White Boxers,FCUK Black & White Boxers is a black boxer from FCUK. It is designed for men and suited to casual wear. Part of the summer season 2016 range. Listed under Apparel.,Apparel,Boxers,FCUK,Black,Men,Casual,Summer,2016,91.99,USD,sample/images/42979.jpg,true
33372,Baggit Women Purple Mobile Pouch,Baggit Women Purple Mobile Pouch is a purple mobile pouch from Baggit. It is designed for women and suited to casual wear. Part of the summer season 2012 range. Listed under Accessories.,Accessories,Mobile Pouch,Baggit,Purple,Women,Casual,Summer,2012,75.95,USD,sample/images/33372.jpg,true
55350,Revlon Age Defying Sculpt-Logic Night Cream,Revlon Age Defying Sculpt-Logic Night Cream is a white face moisturiser from Revlon. It is designed for women and suited to casual wear. Part of the spring season 2017 range. Listed under Personal Care.,Personal Care,Face Moisturisers,Revlon,White,Women,Casual,Spring,2017,53.49,USD,sample/images/55350.jpg,true
55218,Lakme Absolute Forever Silk Expresso Lip Liner 06,Lakme Absolute Forever Silk Expresso Lip Liner 06 is a black lip liner from Lakme. It is designed for women and suited to casual wear. Part of the spring season 2017 range. Listed under Personal Care.,Personal Care,Lip Liner,Lakme,Black,Women,Casual,Spring,2017,45.99,USD,sample/images/55218.jpg,true
41527,Basics Men Brown Messenger Bag,Basics Men Brown Messenger Bag is a brown messenger bag from Basics. It is designed for men and suited to casual wear. Part of the summer season 2012 range. Listed under Accessories.,Accessories,Messenger Bag,Basics,Brown,Men,Casual,Summer,2012,61.99,USD,sample/images/41527.jpg,true
25796,Arrow Men Red Suspenders,Arrow Men Red Suspenders is a red suspender from Arrow. It is designed for men and suited to formal wear. Part of the summer season 2012 range. Listed under Apparel.,Apparel,Suspenders,Arrow,Red,Men,Formal,Summer,2012,30.95,USD,sample/images/25796.jpg,true
52468,Red Rose Pink Camisole,Red Rose Pink Camisole is a pink camisole. It is designed for women and suited to casual wear. Part of the winter season 2015 range. Listed under Apparel.,Apparel,Camisoles,,Pink,Women,Casual,Winter,2015,72.99,USD,sample/images/52468.jpg,true
56191,Colorbar Time Plus Beige Compact 005,Colorbar Time Plus Beige Compact 005 is a beige compact from Colorbar. It is designed for women and suited to casual wear. Part of the spring season 2017 range. Listed under Personal Care.,Personal Care,Compact,Colorbar,Beige,Women,Casual,Spring,2017,24.49,USD,sample/images/56191.jpg,true
17385,Reid & Taylor Men Check Red Muffler,Reid & Taylor Men Check Red Muffler is a red muffler from Reid & Taylor. It is designed for men and suited to casual wear. Part of the fall season 2011 range. Listed under Accessories.,Accessories,Mufflers,Reid & Taylor,Red,Men,Casual,Fall,2011,59.49,USD,sample/images/17385.jpg,true
56424,Streetwear Stay On Blush Blusher,Streetwear Stay On Blush Blusher is a pink highlighter and blush from Streetwear. It is designed for women and suited to casual wear. Part of the spring season 2017 range. Listed under Personal Care.,Personal Care,Highlighter and Blush,Streetwear,Pink,Women,Casual,Spring,2017,88.99,USD,sample/images/56424.jpg,true
47062,Shree Women Multi Colored Patiala,Shree Women Multi Colored Patiala is a multi patiala from Shree. It is designed for women and suited to ethnic wear. Part of the fall season 2012 range. Listed under Apparel.,Apparel,Patiala,Shree,Multi,Women,Ethnic,Fall,2012,90.99,USD,sample/images/47062.jpg,true
50652,Chromozome Men Grey Lounge Shorts,Chromozome Men Grey Lounge Shorts is a pair of grey melange lounge shorts from Chromozome. It is designed for men and suited to casual wear. Part of the winter season 2016 range. Listed under Apparel.,Apparel,Lounge Shorts,Chromozome,Grey Melange,Men,Casual,Winter,2016,73.49,USD,sample/images/50652.jpg,true
33736,Pieces Women Green Jeggings,Pieces Women Green Jeggings is a green jegging from Pieces. It is designed for women and suited to casual wear. Part of the summer season 2012 range. Listed under Apparel.,Apparel,Jeggings,Pieces,Green,Women,Casual,Summer,2012,20.99,USD,sample/images/33736.jpg,true
20058,united Colors Of Benetton Women Grey Tight,united Colors Of Benetton Women Grey Tight is a pair of grey stockings from united Colors Of Benetton. It is designed for women and suited to casual wear. Part of the fall season 2011 range. Listed under Apparel.,Apparel,Stockings,united Colors Of Benetton,Grey,Women,Casual,Fall,2011,31.99,USD,sample/images/20058.jpg,true
56425,Streetwear FX Spice Girl Eye Shadow,Streetwear FX Spice Girl Eye Shadow is a purple eyeshadow from Streetwear. It is designed for women and suited to casual wear. Part of the spring season 2017 range. Listed under Personal Care.,Personal Care,Eyeshadow,Streetwear,Purple,Women,Casual,Spring,2017,86.99,USD,sample/images/56425.jpg,true
30900,Fabindia Women Orange Salwar,Fabindia Women Orange Salwar is an orange salwar from Fabindia. It is designed for women and suited to ethnic wear. Part of the summer season 2012 range. Listed under Apparel.,Apparel,Salwar,Fabindia,Orange,Women,Ethnic,Summer,2012,106.99,USD,sample/images/30900.jpg,true
35033,Fabindia Women Green Churidar,Fabindia Women Green Churidar is a green churidar from Fabindia. It is designed for women and suited to ethnic wear. Part of the summer season 2012 range. Listed under Apparel.,Apparel,Churidar,Fabindia,Green,Women,Ethnic,Summer,2012,99.49,USD,sample/images/35033.jpg,true
24306,ADIDAS Men Grey & Red Tracksuit,ADIDAS Men Grey & Red Tracksuit is a grey tracksuit from ADIDAS. It is designed for men and suited to casual wear. Part of the fall season 2012 range. Listed under Apparel.,Apparel,Tracksuits,ADIDAS,Grey,Men,Casual,Fall,2012,53.49,USD,sample/images/24306.jpg,true
19442,Quiksilver Men Black Octo Gloves,Quiksilver Men Black Octo Gloves is a pair of black gloves from Quiksilver. It is designed for men and suited to casual wear. Part of the summer season 2012 range. Listed under Accessories.,Accessories,Gloves,Quiksilver,Black,Men,Casual,Summer,2012,54.95,USD,sample/images/19442.jpg,true
55335,Revlon Colorsilk Brown-Black Hair Colour 2N,Revlon Colorsilk Brown-Black Hair Colour 2N is a brown hair colour from Revlon. It is designed for women and suited to casual wear. Part of the spring season 2017 range. Listed under Personal Care.,Personal Care,Hair Colour,Revlon,Brown,Women,Casual,Spring,2017,45.95,USD,sample/images/55335.jpg,true
52502,Red Rose Pink & Purple Printed Bath Robe,Red Rose Pink & Purple Printed Bath Robe is a pink bath robe. It is designed for women and suited to casual wear. Part of the winter season 2015 range. Listed under Apparel.,Apparel,Bath Robe,,Pink,Women,Casual,Winter,2015,42.49,USD,sample/images/52502.jpg,true
42970,Amante Black Swimsuit WCSD04,Amante Black Swimsuit WCSD04 is a black swimwear from Amante. It is designed for women and suited to casual wear. Part of the summer season 2017 range. Listed under Apparel.,Apparel,Swimwear,Amante,Black,Women,Casual,Summer,2017,80.49,USD,sample/images/42970.jpg,true
37261,Vital Gear Unisex Olive Waist Pouch,Vital Gear Unisex Olive Waist Pouch is an olive waist pouch from Vital Gear. It is a unisex design and suited to casual wear. Part of the summer season 2012 range. Listed under Accessories.,Accessories,Waist Pouch,Vital Gear,Olive,Unisex,Casual,Summer,2012,38.49,USD,sample/images/37261.jpg,true
55533,Revlon Touch & Glow Advanced Fairness Face Wash,Revlon Touch & Glow Advanced Fairness Face Wash is a white face wash and cleanser from Revlon. It is designed for women and suited to casual wear. Part of the spring season 2017 range. Listed under Personal Care.,Personal Care,Face Wash and Cleanser,Revlon,White,Women,Casual,Spring,2017,32.99,USD,sample/images/55533.jpg,true
24834,Wildcraft Unisex Black Travel Pouch,Wildcraft Unisex Black Travel Pouch is a black travel accessory from Wildcraft. It is a unisex design and suited to casual wear. Part of the winter season 2015 range. Listed under Accessories.,Accessories,Travel Accessory,Wildcraft,Black,Unisex,Casual,Winter,2015,58.49,USD,sample/images/24834.jpg,true
57079,Elle Women Blue Jumpsuit,Elle Women Blue Jumpsuit is a blue jumpsuit from Elle. It is designed for women and suited to casual wear. Part of the summer season 2012 range. Listed under Apparel.,Apparel,Jumpsuit,Elle,Blue,Women,Casual,Summer,2012,24.49,USD,sample/images/57079.jpg,true
12462,Basics Men Brown Checked Waistcoat,Basics Men Brown Checked Waistcoat is a brown waistcoat from Basics. It is designed for men and suited to casual wear. Part of the fall season 2011 range. Listed under Apparel.,Apparel,Waistcoat,Basics,Brown,Men,Casual,Fall,2011,52.95,USD,sample/images/12462.jpg,true
57863,Biotique Bio Sandalwood Face & Body Sun Cream,Biotique Bio Sandalwood Face & Body Sun Cream is a green sunscreen from Biotique Bio. It is designed for women and suited to casual wear. Part of the spring season 2017 range. Listed under Personal Care.,Personal Care,Sunscreen,Biotique Bio,Green,Women,Casual,Spring,2017,22.49,USD,sample/images/57863.jpg,true
52517,Red Rose Black Nightdress,Red Rose Black Nightdress is a black baby doll. It is designed for women and suited to casual wear. Part of the winter season 2015 range. Listed under Apparel.,Apparel,Baby Dolls,,Black,Women,Casual,Winter,2015,81.95,USD,sample/images/52517.jpg,true
8427,Spalding Unisex Blue Basketball,Spalding Unisex Blue Basketball is a blue basketball from Spalding. It is a unisex design and suited to sports wear. Part of the fall season 2011 range. Listed under Sporting Goods.,Sporting Goods,Basketballs,Spalding,Blue,Unisex,Sports,Fall,2011,69.95,USD,sample/images/8427.jpg,true
37524,Madagascar3 Infant Boys Light Blue Snapsuit Romper,Madagascar3 Infant Boys Light Blue Snapsuit Romper is a blue romper from Madagascar3. It is designed for boys and suited to casual wear. Part of the summer season 2012 range. Listed under Apparel.,Apparel,Rompers,Madagascar3,Blue,Boys,Casual,Summer,2012,46.99,USD,sample/images/37524.jpg,true
37574,Madagascar 3 Infants Girls Pink Booties,Madagascar 3 Infants Girls Pink Booties is a pair of pink booties from Madagascar 3. It is designed for girls and suited to casual wear. Part of the summer season 2012 range. Listed under Apparel.,Apparel,Booties,Madagascar 3,Pink,Girls,Casual,Summer,2012,23.99,USD,sample/images/37574.jpg,true
55398,Revlon Lash Fantasy Blackest Black Mascara And Primer,Revlon Lash Fantasy Blackest Black Mascara And Primer is a black mascara from Revlon. It is designed for women and suited to casual wear. Part of the spring season 2017 range. Listed under Personal Care.,Personal Care,Mascara,Revlon,Black,Women,Casual,Spring,2017,79.95,USD,sample/images/55398.jpg,true
1554,Quechua  Blue Sipper,Quechua Blue Sipper is a blue water bottle from Quechua. It is a unisex design and suited to casual wear. Part of the fall season 2010 range. Listed under Accessories.,Accessories,Water Bottle,Quechua,Blue,Unisex,Casual,Fall,2010,89.99,USD,sample/images/1554.jpg,true
55573,Revlon Photo Ready Light Medium Concealer 003,Revlon Photo Ready Light Medium Concealer 003 is a skin concealer from Revlon. It is designed for women and suited to casual wear. Part of the spring season 2017 range. Listed under Personal Care.,Personal Care,Concealer,Revlon,Skin,Women,Casual,Spring,2017,34.95,USD,sample/images/55573.jpg,true
13493,Wildcraft Unisex Gangotri Black & Red Rucksack,Wildcraft Unisex Gangotri Black & Red Rucksack is a red rucksack from Wildcraft. It is a unisex design and suited to travel wear. Part of the winter season 2015 range. Listed under Accessories.,Accessories,Rucksacks,Wildcraft,Red,Unisex,Travel,Winter,2015,89.49,USD,sample/images/13493.jpg,true
57772,Lotus Herbals Women Clay White Black Clay Skin Whitening Face Pack,Lotus Herbals Women Clay White Black Clay Skin Whitening Face Pack is a yellow mask and peel from Lotus Herbals. It is designed for women and suited to casual wear. Part of the spring season 2017 range. Listed under Personal Care.,Personal Care,Mask and Peel,Lotus Herbals,Yellow,Women,Casual,Spring,2017,74.49,USD,sample/images/57772.jpg,true
37895,Happy Socks Women Striped Tights,Happy Socks Women Striped Tights is a pair of multi tights from Happy. It is designed for women and suited to casual wear. Part of the summer season 2012 range. Listed under Apparel.,Apparel,Tights,Happy,Multi,Women,Casual,Summer,2012,60.99,USD,sample/images/37895.jpg,true
45103,Bwitch Golden Brown Xtra Slim Shapewear,Bwitch Golden Brown Xtra Slim Shapewear is a brown shapewear from Bwitch. It is designed for women and suited to casual wear. Part of the summer season 2016 range. Listed under Apparel.,Apparel,Shapewear,Bwitch,Brown,Women,Casual,Summer,2016,44.95,USD,sample/images/45103.jpg,true
31732,Reid & Taylor Men Brown Blazer,Reid & Taylor Men Brown Blazer is a brown blazer from Reid & Taylor. It is designed for men and suited to formal wear. Part of the summer season 2012 range. Listed under Apparel.,Apparel,Blazers,Reid & Taylor,Brown,Men,Formal,Summer,2012,93.95,USD,sample/images/31732.jpg,true
1551,Puma Power Cat Trainer-OB Football,Puma Power Cat Trainer-OB Football is an orange football from Puma. It is a unisex design and suited to sports wear. Part of the fall season 2010 range. Listed under Sporting Goods.,Sporting Goods,Footballs,Puma,Orange,Unisex,Sports,Fall,2010,65.49,USD,sample/images/1551.jpg,true
36748,Mr.Men Boys Mr. Small Blue Clothing Set,Mr.Men Boys Mr. Small Blue Clothing Set is a blue clothing set from Mr.Men. It is designed for boys and suited to casual wear. Part of the summer season 2012 range. Listed under Apparel.,Apparel,Clothing Set,Mr.Men,Blue,Boys,Casual,Summer,2012,39.95,USD,sample/images/36748.jpg,true
55200,Lakme Lip Love Charmer Lip Conditioner,Lakme Lip Love Charmer Lip Conditioner is a pink lip care from Lakme. It is designed for women and suited to casual wear. Part of the spring season 2017 range. Listed under Personal Care.,Personal Care,Lip Care,Lakme,Pink,Women,Casual,Spring,2017,60.49,USD,sample/images/55200.jpg,true
50382,Vishudh Women Printed Cream Salwar and Dupatta,Vishudh Women Printed Cream Salwar and Dupatta is a cream salwar and dupatta from Vishudh. It is designed for women and suited to ethnic wear. Part of the summer season 2012 range. Listed under Apparel.,Apparel,Salwar and Dupatta,Vishudh,Cream,Women,Ethnic,Summer,2012,26.49,USD,sample/images/50382.jpg,true
17640,Puma Unisex Cat Black Headband,Puma Unisex Cat Black Headband is a black headband from Puma. It is a unisex design and suited to sports wear. Part of the fall season 2013 range. Listed under Accessories.,Accessories,Headband,Puma,Black,Unisex,Sports,Fall,2013,29.95,USD,sample/images/17640.jpg,true
9965,ADIDAS Unisex Nba Black Wristbands,ADIDAS Unisex Nba Black Wristbands is a black wristband from ADIDAS. It is a unisex design and suited to sports wear. Part of the fall season 2011 range. Listed under Accessories.,Accessories,Wristbands,ADIDAS,Black,Unisex,Sports,Fall,2011,61.49,USD,sample/images/9965.jpg,true
58526,Wildcraft Men Blue Rain Jacket,Wildcraft Men Blue Rain Jacket is a blue rain jacket from Wildcraft. It is designed for men and suited to casual wear. Part of the summer season 2015 range. Listed under Apparel.,Apparel,Rain Jacket,Wildcraft,Blue,Men,Casual,Summer,2015,16.49,USD,sample/images/58526.jpg,true
26371,Arrow Woman Check Pink Shirt,Arrow Woman Check Pink Shirt is a pink shrug from Arrow. It is designed for women and suited to casual wear. Part of the summer season 2012 range. Listed under Apparel.,Apparel,Shrug,Arrow,Pink,Women,Casual,Summer,2012,44.99,USD,sample/images/26371.jpg,true
56432,Streetwear Nail Color Remover,Streetwear Nail Color Remover is a pink nail essential from Streetwear. It is designed for women and suited to casual wear. Part of the spring season 2017 range. Listed under Personal Care.,Personal Care,Nail Essentials,Streetwear,Pink,Women,Casual,Spring,2017,71.49,USD,sample/images/56432.jpg,true
14872,United Colors of Benetton Women Printed Blue Umbrellas,United Colors of Benetton Women Printed Blue Umbrellas is a blue umbrella from United Colors of Benetton. It is designed for women and suited to casual wear. Part of the summer season 2011 range. Listed under Accessories.,Accessories,Umbrellas,United Colors of Benetton,Blue,Women,Casual,Summer,2011,63.49,USD,sample/images/14872.jpg,true
30739,Fabindia Men Reversible Blue Sleeveless Jacket,Fabindia Men Reversible Blue Sleeveless Jacket is a blue nehru jacket from Fabindia. It is designed for men and suited to ethnic wear. Part of the summer season 2012 range. Listed under Apparel.,Apparel,Nehru Jackets,Fabindia,Blue,Men,Ethnic,Summer,2012,90.99,USD,sample/images/30739.jpg,true
55086,Ponds Flawless White Under Eye Cream,Ponds Flawless White Under Eye Cream is a cream eye cream from Ponds. It is designed for women and suited to casual wear. Part of the spring season 2017 range. Listed under Personal Care.,Personal Care,Eye Cream,Ponds,Cream,Women,Casual,Spring,2017,47.99,USD,sample/images/55086.jpg,true
50982,Enamor Women Maroon Robe,Enamor Women Maroon Robe is a maroon robe from Enamor. It is designed for women and suited to casual wear. Part of the summer season 2017 range. Listed under Apparel.,Apparel,Robe,Enamor,Maroon,Women,Casual,Summer,2017,22.49,USD,sample/images/50982.jpg,true
57766,Lotus Herbals Apriscrub Fresh Apricot Scrub 60g,Lotus Herbals Apriscrub Fresh Apricot Scrub 60g is a cream face scrub and exfoliator from Lotus Herbals. It is designed for women and suited to casual wear. Part of the spring season 2017 range. Listed under Personal Care.,Personal Care,Face Scrub and Exfoliator,Lotus Herbals,Cream,Women,Casual,Spring,2017,71.99,USD,sample/images/57766.jpg,true
59672,FNF Brown & Gold Bridal Collection Lehenga Choli,FNF Brown & Gold Bridal Collection Lehenga Choli is a brown lehenga choli from FNF. It is designed for women and suited to ethnic wear. Part of the fall season 2012 range. Listed under Apparel.,Apparel,Lehenga Choli,FNF,Brown,Women,Ethnic,Fall,2012,57.95,USD,sample/images/59672.jpg,true
49101,Deborah Truy Pink Volume Lip Plumper 01,Deborah Truy Pink Volume Lip Plumper 01 is a pink lip plumper from Deborah. It is designed for women and suited to casual wear. Part of the spring season 2017 range. Listed under Personal Care.,Personal Care,Lip Plumper,Deborah,Pink,Women,Casual,Spring,2017,29.99,USD,sample/images/49101.jpg,true
6842,Timberland Unisex Rubber Sole Brush Shoe Accessories,Timberland Unisex Rubber Sole Brush Shoe Accessories is a black shoe accessory from Timberland. It is a unisex design and suited to casual wear. Part of the summer season 2011 range. Listed under Accessories.,Accessories,Shoe Accessories,Timberland,Black,Unisex,Casual,Summer,2011,44.95,USD,sample/images/6842.jpg,true
39523,Peter England Unisex Black One Dayer Black Trolley Bag,Peter England Unisex Black One Dayer Black Trolley Bag is a black trolley bag from Peter England. It is a unisex design and suited to casual wear. Part of the summer season 2012 range. Listed under Accessories.,Accessories,Trolley Bag,Peter England,Black,Unisex,Casual,Summer,2012,33.95,USD,sample/images/39523.jpg,true
55119,Lakme Dual Sharpener,Lakme Dual Sharpener is a burgundy beauty accessory from Lakme. It is designed for women and suited to casual wear. Part of the spring season 2017 range. Listed under Personal Care.,Personal Care,Beauty Accessory,Lakme,Burgundy,Women,Casual,Spring,2017,64.95,USD,sample/images/55119.jpg,true
52021,Inaya Women Lounge Top,Inaya Women Lounge Top is a brown lounge tshirt from Inaya. It is designed for women and suited to casual wear. Part of the summer season 2016 range. Listed under Apparel.,Apparel,Lounge Tshirts,Inaya,Brown,Women,Casual,Summer,2016,57.99,USD,sample/images/52021.jpg,true
39927,Tortoise Unisex Blue Tablet Sleeve,Tortoise Unisex Blue Tablet Sleeve is a blue tablet sleeve from Tortoise. It is a unisex design and suited to casual wear. Part of the winter season 2012 range. Listed under Accessories.,Accessories,Tablet Sleeve,Tortoise,Blue,Unisex,Casual,Winter,2012,48.95,USD,sample/images/39927.jpg,true
57679,Lotus Herbals Cocoa Caress SPF 20 Hand & Body Lotion 250 ml,Lotus Herbals Cocoa Caress SPF 20 Hand & Body Lotion 250 ml is a yellow body lotion from Lotus Herbals. It is designed for women and suited to casual wear. Part of the spring season 2017 range. Listed under Personal Care.,Personal Care,Body Lotion,Lotus Herbals,Yellow,Women,Casual,Spring,2017,52.95,USD,sample/images/57679.jpg,true
12439,Timberland Unisex Casual Red Skull Caps,Timberland Unisex Casual Red Skull Caps is a red hat from Timberland. It is a unisex design and suited to casual wear. Part of the fall season 2011 range. Listed under Accessories.,Accessories,Hat,Timberland,Red,Unisex,Casual,Fall,2011,69.49,USD,sample/images/12439.jpg,true
3103,Probase Men's Wtf Blue T-Shirt,Probase Men's Wtf Blue T-Shirt is a navy blue tshirt from Probase. It is designed for men and suited to casual wear. Part of the summer season 2011 range. Listed under Apparel.,Apparel,Tshirts,Probase,Navy Blue,Men,Casual,Summer,2011,41.95,USD,sample/images/3103.jpg,true
59446,Arrow Sport Men Navy Blue Check Slim Fit Shirt,Arrow Sport Men Navy Blue Check Slim Fit Shirt is a navy blue shirt from Arrow. It is designed for men and suited to casual wear. Part of the fall season 2012 range. Listed under Apparel.,Apparel,Shirts,Arrow,Navy Blue,Men,Casual,Fall,2012,40.49,USD,sample/images/59446.jpg,true
6361,Numero Uno Men's Black Canvas Shoe,Numero Uno Men's Black Canvas Shoe is a pair of black casual shoes from Numero Uno. It is designed for men and suited to casual wear. Part of the summer season 2011 range. Listed under Footwear.,Footwear,Casual Shoes,Numero Uno,Black,Men,Casual,Summer,2011,37.95,USD,sample/images/6361.jpg,true
33873,Citizen Men Black Dial Chronograph Watch,Citizen Men Black Dial Chronograph Watch is a black watch from Citizen. It is designed for men and suited to casual wear. Part of the winter season 2016 range. Listed under Accessories.,Accessories,Watches,Citizen,Black,Men,Casual,Winter,2016,294.99,USD,sample/images/33873.jpg,true
4530,Puma Women White Running Shoes,Puma Women White Running Shoes is a pair of white sports shoes from Puma. It is designed for women and suited to sports wear. Part of the summer season 2011 range. Listed under Footwear.,Footwear,Sports Shoes,Puma,White,Women,Sports,Summer,2011,65.95,USD,sample/images/4530.jpg,true
59360,Vishudh Women White Printed Kurta,Vishudh Women White Printed Kurta is a white kurta from Vishudh. It is designed for women and suited to ethnic wear. Part of the summer season 2012 range. Listed under Apparel.,Apparel,Kurtas,Vishudh,White,Women,Ethnic,Summer,2012,86.49,USD,sample/images/59360.jpg,true
49639,Mineral Women Lime Green Top,Mineral Women Lime Green Top is a green top from Mineral. It is designed for women and suited to casual wear. Part of the summer season 2012 range. Listed under Apparel.,Apparel,Tops,Mineral,Green,Women,Casual,Summer,2012,56.99,USD,sample/images/49639.jpg,true
52758,Fiorelli Women Chocolate Brown Leather Handbag,Fiorelli Women Chocolate Brown Leather Handbag is a brown handbag from Fiorelli. It is designed for women and suited to casual wear. Part of the fall season 2012 range. Listed under Accessories.,Accessories,Handbags,Fiorelli,Brown,Women,Casual,Fall,2012,68.95,USD,sample/images/52758.jpg,true
35350,Senorita Women Pink Wedges,Senorita Women Pink Wedges is a pair of pink heels from Senorita. It is designed for women and suited to casual wear. Part of the summer season 2012 range. Listed under Footwear.,Footwear,Heels,Senorita,Pink,Women,Casual,Summer,2012,65.99,USD,sample/images/35350.jpg,true
28426,Idee Men White Sunglasses,Idee Men White Sunglasses is a pair of white sunglasses from Idee. It is designed for men and suited to casual wear. Part of the winter season 2016 range. Listed under Accessories.,Accessories,Sunglasses,Idee,White,Men,Casual,Winter,2016,33.95,USD,sample/images/28426.jpg,true
27756,Bulchee Men Brown Wallet,Bulchee Men Brown Wallet is a brown wallet from Bulchee. It is designed for men and suited to casual wear. Part of the winter season 2015 range. Listed under Accessories.,Accessories,Wallets,Bulchee,Brown,Men,Casual,Winter,2015,90.99,USD,sample/images/27756.jpg,true
41213,Lotto Men Black Flip Flops,Lotto Men Black Flip Flops is a pair of black flip flops from Lotto. It is designed for men and suited to casual wear. Part of the summer season 2012 range. Listed under Footwear.,Footwear,Flip Flops,Lotto,Black,Men,Casual,Summer,2012,9.49,USD,sample/images/41213.jpg,true
20794,Fila Men Tide Navy Blue Sandals,Fila Men Tide Navy Blue Sandals is a pair of navy blue sandals from Fila. It is designed for men and suited to casual wear. Part of the fall season 2010 range. Listed under Footwear.,Footwear,Sandals,Fila,Navy Blue,Men,Casual,Fall,2010,57.99,USD,sample/images/20794.jpg,true
53532,Amante Women White Briefs PCLR02,Amante Women White Briefs PCLR02 is a white brief from Amante. It is designed for women and suited to casual wear. Part of the summer season 2017 range. Listed under Apparel.,Apparel,Briefs,Amante,White,Women,Casual,Summer,2017,73.49,USD,sample/images/53532.jpg,true
50223,Stoln Women Black Belt,Stoln Women Black Belt is a black belt from Stoln. It is designed for women and suited to casual wear. Part of the summer season 2012 range. Listed under Accessories.,Accessories,Belts,Stoln,Black,Women,Casual,Summer,2012,55.95,USD,sample/images/50223.jpg,true
25881,American Tourister Unisex Casual Olive Backpack,American Tourister Unisex Casual Olive Backpack is an olive backpack from American Tourister. It is a unisex design and suited to casual wear. Part of the winter season 2015 range. Listed under Accessories.,Accessories,Backpacks,American Tourister,Olive,Unisex,Casual,Winter,2015,32.99,USD,sample/images/25881.jpg,true
32024,Playboy Men Striped Socks,Playboy Men Striped Socks is a pair of blue socks from Playboy. It is designed for men and suited to casual wear. Part of the summer season 2016 range. Listed under Accessories.,Accessories,Socks,Playboy,Blue,Men,Casual,Summer,2016,6.49,USD,sample/images/32024.jpg,true
47200,Franco Leone Men Black Formal Shoes,Franco Leone Men Black Formal Shoes is a pair of black formal shoes from Franco Leone. It is designed for men and suited to formal wear. Part of the summer season 2012 range. Listed under Footwear.,Footwear,Formal Shoes,Franco Leone,Black,Men,Formal,Summer,2012,181.99,USD,sample/images/47200.jpg,true
56359,Tommy Hilfiger Women 100 ml Perfume,Tommy Hilfiger Women 100 ml Perfume is a white perfume and body mist from Tommy Hilfiger. It is designed for women and suited to casual wear. Part of the spring season 2017 range. Listed under Personal Care.,Personal Care,Perfume and Body Mist,Tommy Hilfiger,White,Women,Casual,Spring,2017,49.49,USD,sample/images/56359.jpg,true
20915,Deni Yo Men Washed Blue Jeans,Deni Yo Men Washed Blue Jeans is a pair of blue jeans from Deni Yo. It is designed for men and suited to casual wear. Part of the fall season 2011 range. Listed under Apparel.,Apparel,Jeans,Deni Yo,Blue,Men,Casual,Fall,2011,96.95,USD,sample/images/20915.jpg,true
7432,Proline Men Grey Sports Short SS11/VSSHT02 VG/PC/JR,Proline Men Grey Sports Short SS11/VSSHT02 VG/PC/JR is a pair of grey shorts from Proline. It is designed for men and suited to sports wear. Part of the summer season 2011 range. Listed under Apparel.,Apparel,Shorts,Proline,Grey,Men,Sports,Summer,2011,30.99,USD,sample/images/7432.jpg,true
26810,Arrow Men Grey Flat Front Trousers,Arrow Men Grey Flat Front Trousers is a pair of grey trousers from Arrow. It is designed for men and suited to formal wear. Part of the summer season 2013 range. Listed under Apparel.,Apparel,Trousers,Arrow,Grey,Men,Formal,Summer,2013,116.99,USD,sample/images/26810.jpg,true
47601,Portia Women White Flats,Portia Women White Flats is a pair of brown flats from Portia. It is designed for women and suited to casual wear. Part of the winter season 2012 range. Listed under Footwear.,Footwear,Flats,Portia,Brown,Women,Casual,Winter,2012,54.95,USD,sample/images/47601.jpg,true
57318,Amante Black Full-Coverage Lace Bra BCFR02,Amante Black Full-Coverage Lace Bra BCFR02 is a black bra from Amante. It is designed for women and suited to casual wear. Part of the winter season 2015 range. Listed under Apparel.,Apparel,Bra,Amante,Black,Women,Casual,Winter,2015,42.95,USD,sample/images/57318.jpg,true
33969,Femella Women Black Dress,Femella Women Black Dress is a black dress from Femella. It is designed for women and suited to party wear. Part of the spring season 2012 range. Listed under Apparel.,Apparel,Dresses,Femella,Black,Women,Party,Spring,2012,79.49,USD,sample/images/33969.jpg,true
59642,FNF Pink & Black Collection For Wedding Sari,FNF Pink & Black Collection For Wedding Sari is a black saree from FNF. It is designed for women and suited to ethnic wear. Part of the fall season 2012 range. Listed under Apparel.,Apparel,Sarees,FNF,Black,Women,Ethnic,Fall,2012,251.99,USD,sample/images/59642.jpg,true
58020,Rreverie Golden Earrings,Rreverie Golden Earrings is a pair of gold earrings from Rreverie. It is designed for women and suited to casual wear. Part of the fall season 2012 range. Listed under Accessories.,Accessories,Earrings,Rreverie,Gold,Women,Casual,Fall,2012,76.49,USD,sample/images/58020.jpg,true
22558,Reebok Reesport Men Deo,Reebok Reesport Men Deo is a brown deodorant from Reebok. It is designed for men and suited to casual wear. Part of the spring season 2017 range. Listed under Personal Care.,Personal Care,Deodorant,Reebok,Brown,Men,Casual,Spring,2017,13.95,USD,sample/images/22558.jpg,true
38577,Nike Men Breakline Navy Blue Track Pants,Nike Men Breakline Navy Blue Track Pants is a pair of navy blue track pants from Nike. It is designed for men and suited to sports wear. Part of the summer season 2012 range. Listed under Apparel.,Apparel,Track Pants,Nike,Navy Blue,Men,Sports,Summer,2012,62.49,USD,sample/images/38577.jpg,true
20849,Spice Art Women Glass Silver Evening Clutch,Spice Art Women Glass Silver Evening Clutch is a silver clutch from Spice Art. It is designed for women and suited to casual wear. Part of the winter season 2015 range. Listed under Accessories.,Accessories,Clutches,Spice Art,Silver,Women,Casual,Winter,2015,78.95,USD,sample/images/20849.jpg,true
16275,Free Authority Men Stripes Purple Sweatshirts,Free Authority Men Stripes Purple Sweatshirts is a black sweatshirt. It is designed for men and suited to casual wear. Part of the fall season 2011 range. Listed under Apparel.,Apparel,Sweatshirts,,Black,Men,Casual,Fall,2011,77.99,USD,sample/images/16275.jpg,true
18206,Manchester United Men Solid Black Cap,Manchester United Men Solid Black Cap is a black cap from Manchester United. It is designed for men and suited to casual wear. Part of the fall season 2011 range. Listed under Accessories.,Accessories,Caps,Manchester United,Black,Men,Casual,Fall,2011,11.49,USD,sample/images/18206.jpg,true
55951,Colorbar Ignite Nail Lacquer 05,Colorbar Ignite Nail Lacquer 05 is a brown nail polish from Colorbar. It is designed for women and suited to casual wear. Part of the spring season 2017 range. Listed under Personal Care.,Personal Care,Nail Polish,Colorbar,Brown,Women,Casual,Spring,2017,12.95,USD,sample/images/55951.jpg,true
58508,Tonga Women Grey Sweater,Tonga Women Grey Sweater is a grey sweater from Tonga. It is designed for women and suited to casual wear. Part of the summer season 2012 range. Listed under Apparel.,Apparel,Sweaters,Tonga,Grey,Women,Casual,Summer,2012,87.95,USD,sample/images/58508.jpg,true
50296,Parx Men Black and Purple Tie,Parx Men Black and Purple Tie is a black tie from Parx. It is designed for men and suited to formal wear. Part of the summer season 2012 range. Listed under Accessories.,Accessories,Ties,Parx,Black,Men,Formal,Summer,2012,103.95,USD,sample/images/50296.jpg,true
56041,Colorbar Coco Liscious Lipstick 10,Colorbar Coco Liscious Lipstick 10 is a brown lipstick from Colorbar. It is designed for women and suited to casual wear. Part of the spring season 2017 range. Listed under Personal Care.,Personal Care,Lipstick,Colorbar,Brown,Women,Casual,Spring,2017,16.95,USD,sample/images/56041.jpg,true
20377,Urban Yoga Women Solid Pink Jacket,Urban Yoga Women Solid Pink Jacket is a pink jacket from Urban Yoga. It is designed for women and suited to casual wear. Part of the fall season 2011 range. Listed under Apparel.,Apparel,Jackets,Urban Yoga,Pink,Women,Casual,Fall,2011,57.49,USD,sample/images/20377.jpg,true
15761,Facit Men Hunk Green Innerwear Vest,Facit Men Hunk Green Innerwear Vest is a green innerwear vest from Facit. It is designed for men and suited to casual wear. Part of the summer season 2016 range. Listed under Apparel.,Apparel,Innerwear Vests,Facit,Green,Men,Casual,Summer,2016,84.99,USD,sample/images/15761.jpg,true
28952,BIBA OUTLET Women White Kurta,BIBA OUTLET Women White Kurta is a white kurtis from BIBA. It is designed for women and suited to ethnic wear. Part of the summer season 2012 range. Listed under Apparel.,Apparel,Kurtis,BIBA,White,Women,Ethnic,Summer,2012,28.95,USD,sample/images/28952.jpg,true
41766,Remanika Women Peach Tunic,Remanika Women Peach Tunic is a peach tunic from Remanika. It is designed for women and suited to casual wear. Part of the summer season 2012 range. Listed under Apparel.,Apparel,Tunics,Remanika,Peach,Women,Casual,Summer,2012,77.49,USD,sample/images/41766.jpg,true
59748,Avirate Cream Nightdress,Avirate Cream Nightdress is a cream nightdress from Avirate. It is designed for women and suited to casual wear. Part of the summer season 2017 range. Listed under Apparel.,Apparel,Nightdress,Avirate,Cream,Women,Casual,Summer,2017,72.49,USD,sample/images/59748.jpg,true
50020,Hanes Women Navy Cotton Stretch Leggings,Hanes Women Navy Cotton Stretch Leggings is a pair of navy blue leggings from Hanes. It is designed for women and suited to casual wear. Part of the winter season 2015 range. Listed under Apparel.,Apparel,Leggings,Hanes,Navy Blue,Women,Casual,Winter,2015,80.99,USD,sample/images/50020.jpg,true
35338,Fabindia Women Anusuya Green Pendant,Fabindia Women Anusuya Green Pendant is a green pendant from Fabindia. It is designed for women and suited to ethnic wear. Part of the winter season 2016 range. Listed under Accessories.,Accessories,Pendant,Fabindia,Green,Women,Ethnic,Winter,2016,89.99,USD,sample/images/35338.jpg,true
47153,Gini and Jony Girls Pink Capris,Gini and Jony Girls Pink Capris is a pair of pink capris from Gini and Jony. It is designed for girls and suited to casual wear. Part of the summer season 2012 range. Listed under Apparel.,Apparel,Capris,Gini and Jony,Pink,Girls,Casual,Summer,2012,45.49,USD,sample/images/47153.jpg,true
46154,Adrika Women Orange & Green Necklace,Adrika Women Orange & Green Necklace is a green necklace and chain from Adrika. It is designed for women and suited to casual wear. Part of the winter season 2015 range. Listed under Accessories.,Accessories,Necklace and Chains,Adrika,Green,Women,Casual,Winter,2015,83.49,USD,sample/images/46154.jpg,true
36277,SDL by Sweet Dreams Women Grey & Black Night suits,SDL by Sweet Dreams Women Grey & Black Night suits is a grey night suit from SDL by Sweet Dreams. It is designed for women and suited to casual wear. Part of the summer season 2017 range. Listed under Apparel.,Apparel,Night suits,SDL by Sweet Dreams,Grey,Women,Casual,Summer,2017,18.95,USD,sample/images/36277.jpg,true
28069,Jockey ELANCE Men Assorted Trunks 1015,Jockey ELANCE Men Assorted Trunks 1015 is a grey trunk from Jockey. It is designed for men and suited to casual wear. Part of the winter season 2016 range. Listed under Apparel.,Apparel,Trunk,Jockey,Grey,Men,Casual,Winter,2016,31.49,USD,sample/images/28069.jpg,true
30927,Fabindia Women Red Ghera Crinkle Skirt,Fabindia Women Red Ghera Crinkle Skirt is a red skirt from Fabindia. It is designed for women and suited to ethnic wear. Part of the summer season 2012 range. Listed under Apparel.,Apparel,Skirts,Fabindia,Red,Women,Ethnic,Summer,2012,24.95,USD,sample/images/30927.jpg,true
25955,Femella Women Maroon Scarf,Femella Women Maroon Scarf is a maroon scarve from Femella. It is designed for women and suited to casual wear. Part of the summer season 2012 range. Listed under Accessories.,Accessories,Scarves,Femella,Maroon,Women,Casual,Summer,2012,45.95,USD,sample/images/25955.jpg,true
59466,Lucera Silver Ring,Lucera Silver Ring is a silver ring from Lucera. It is designed for women and suited to casual wear. Part of the summer season 2015 range. Listed under Accessories.,Accessories,Ring,Lucera,Silver,Women,Casual,Summer,2015,64.99,USD,sample/images/59466.jpg,true
41330,Aurelia Women Magenta Dupatta,Aurelia Women Magenta Dupatta is a magenta dupatta from Aurelia. It is designed for women and suited to ethnic wear. Part of the fall season 2012 range. Listed under Apparel.,Apparel,Dupatta,Aurelia,Magenta,Women,Ethnic,Fall,2012,46.99,USD,sample/images/41330.jpg,true
56061,Colorbar Extra Durable Chic Lip Color 006,Colorbar Extra Durable Chic Lip Color 006 is a purple lip gloss from Colorbar. It is designed for women and suited to casual wear. Part of the spring season 2017 range. Listed under Personal Care.,Personal Care,Lip Gloss,Colorbar,Purple,Women,Casual,Spring,2017,58.49,USD,sample/images/56061.jpg,true
14138,Belmonte Men Bright Assorted Steel Cufflinks,Belmonte Men Bright Assorted Steel Cufflinks is a pair of steel cufflinks from Belmonte. It is designed for men and suited to formal wear. Part of the fall season 2011 range. Listed under Accessories.,Accessories,Cufflinks,Belmonte,Steel,Men,Formal,Fall,2011,88.95,USD,sample/images/14138.jpg,true
23106,Turtle Men Formal Maroon Accessory Gift Set,Turtle Men Formal Maroon Accessory Gift Set is a maroon accessory gift set from Turtle. It is designed for men and suited to formal wear. Part of the winter season 2011 range. Listed under Accessories.,Accessories,Accessory Gift Set,Turtle,Maroon,Men,Formal,Winter,2011,100.99,USD,sample/images/23106.jpg,true
21911,Biba Women Pink & Brown Printed Churidar Kurta with Dupatta,Biba Women Pink & Brown Printed Churidar Kurta with Dupatta is a pink kurta set from Biba. It is designed for women and suited to ethnic wear. Part of the fall season 2011 range. Listed under Apparel.,Apparel,Kurta Sets,Biba,Pink,Women,Ethnic,Fall,2011,83.95,USD,sample/images/21911.jpg,true
49162,Deborah Kajal 104,Deborah Kajal 104 is a black kajal and eyeliner from Deborah. It is designed for women and suited to casual wear. Part of the spring season 2017 range. Listed under Personal Care.,Personal Care,Kajal and Eyeliner,Deborah,Black,Women,Casual,Spring,2017,72.49,USD,sample/images/49162.jpg,true
36764,Maxima Men Green Dial Watch,Maxima Men Green Dial Watch is a green free gift from Maxima. It is designed for men and suited to casual wear. Part of the winter season 2016 range. Listed under Free Items.,Free Items,Free Gifts,Maxima,Green,Men,Casual,Winter,2016,70.95,USD,sample/images/36764.jpg,true
31882,Fabindia Women Mughal Printed Orange Stole,Fabindia Women Mughal Printed Orange Stole is an orange stole from Fabindia. It is designed for women and suited to ethnic wear. Part of the summer season 2012 range. Listed under Accessories.,Accessories,Stoles,Fabindia,Orange,Women,Ethnic,Summer,2012,102.49,USD,sample/images/31882.jpg,true
36044,OTLS Unisex Mustard Brown Duffle Bag,OTLS Unisex Mustard Brown Duffle Bag is a mustard duffel bag from OTLS. It is a unisex design and suited to casual wear. Part of the summer season 2012 range. Listed under Accessories.,Accessories,Duffel Bag,OTLS,Mustard,Unisex,Casual,Summer,2012,102.49,USD,sample/images/36044.jpg,true
43714,Royal Diadem Set of 2 Golden Bangles,Royal Diadem Set of 2 Golden Bangles is a gold bangle from Royal Diadem. It is designed for women and suited to casual wear. Part of the summer season 2012 range. Listed under Accessories.,Accessories,Bangle,Royal Diadem,Gold,Women,Casual,Summer,2012,22.99,USD,sample/images/43714.jpg,true
39937,Tortoise Men Black Leather Laptop Bag,Tortoise Men Black Leather Laptop Bag is a black laptop bag from Tortoise. It is designed for men and suited to casual wear. Part of the summer season 2014 range. Listed under Accessories.,Accessories,Laptop Bag,Tortoise,Black,Men,Casual,Summer,2014,77.99,USD,sample/images/39937.jpg,true
55231,Lakme Perfect Radiance Intense Whitening Ivory Fair Foundation 01,Lakme Perfect Radiance Intense Whitening Ivory Fair Foundation 01 is a skin foundation and primer from Lakme. It is designed for women and suited to casual wear. Part of the spring season 2017 range. Listed under Personal Care.,Personal Care,Foundation and Primer,Lakme,Skin,Women,Casual,Spring,2017,43.99,USD,sample/images/55231.jpg,true
26700,Nike Women Pink Air Deschutz Sandals,Nike Women Pink Air Deschutz Sandals is a pair of pink sports sandals from Nike. It is designed for women and suited to casual wear. Part of the summer season 2011 range. Listed under Footwear.,Footwear,Sports Sandals,Nike,Pink,Women,Casual,Summer,2011,92.49,USD,sample/images/26700.jpg,true
48576,Revv Men Steel Bracelet,Revv Men Steel Bracelet is a steel bracelet from Revv. It is designed for men and suited to casual wear. Part of the summer season 2012 range. Listed under Accessories.,Accessories,Bracelet,Revv,Steel,Men,Casual,Summer,2012,64.95,USD,sample/images/48576.jpg,true
27414,Jockey Women Navy Blue Lounge Pants,Jockey Women Navy Blue Lounge Pants is a pair of navy blue lounge pants from Jockey. It is designed for women and suited to casual wear. Part of the winter season 2015 range. Listed under Apparel.,Apparel,Lounge Pants,Jockey,Navy Blue,Women,Casual,Winter,2015,62.49,USD,sample/images/27414.jpg,true
48767,Miki Pearl Women Ivory Jewellery Set,Miki Pearl Women Ivory Jewellery Set is a white jewellery set from Miki Pearl. It is designed for women and suited to casual wear. Part of the summer season 2012 range. Listed under Accessories.,Accessories,Jewellery Set,Miki Pearl,White,Women,Casual,Summer,2012,31.99,USD,sample/images/48767.jpg,true
18455,Nautica Voyage Men Fragrance Gift Set,Nautica Voyage Men Fragrance Gift Set is a white fragrance gift set from Nautica. It is designed for men and suited to casual wear. Part of the spring season 2017 range. Listed under Personal Care.,Personal Care,Fragrance Gift Set,Nautica,White,Men,Casual,Spring,2017,71.95,USD,sample/images/18455.jpg,true
51383,Myntra Men Blue Boxer,Myntra Men Blue Boxer is a blue boxer from Myntra. It is designed for men and suited to casual wear. Part of the summer season 2012 range. Listed under Apparel.,Apparel,Boxers,Myntra,Blue,Men,Casual,Summer,2012,74.99,USD,sample/images/51383.jpg,true
20618,Baggit Women Chika Mayur Green Mobile Pouch,Baggit Women Chika Mayur Green Mobile Pouch is a green mobile pouch from Baggit. It is designed for women and suited to casual wear. Part of the winter season 2015 range. Listed under Accessories.,Accessories,Mobile Pouch,Baggit,Green,Women,Casual,Winter,2015,24.95,USD,sample/images/20618.jpg,true
59860,Olay White Radiance Advanced Whitening Brightening Intensive Cream SPF 24,Olay White Radiance Advanced Whitening Brightening Intensive Cream SPF 24 is a blue face moisturiser from Olay. It is designed for women and suited to casual wear. Part of the spring season 2017 range. Listed under Personal Care.,Personal Care,Face Moisturisers,Olay,Blue,Women,Casual,Spring,2017,51.49,USD,sample/images/59860.jpg,true
49132,Deborah Extra Lip Liner 06,Deborah Extra Lip Liner 06 is a peach lip liner from Deborah. It is designed for women and suited to casual wear. Part of the spring season 2017 range. Listed under Personal Care.,Personal Care,Lip Liner,Deborah,Peach,Women,Casual,Spring,2017,91.99,USD,sample/images/49132.jpg,true
4587,Wildcraft Unisex Grey Courier Messenger Bag,Wildcraft Unisex Grey Courier Messenger Bag is a grey messenger bag from Wildcraft. It is a unisex design and suited to casual wear. Part of the winter season 2015 range. Listed under Accessories.,Accessories,Messenger Bag,Wildcraft,Grey,Unisex,Casual,Winter,2015,36.95,USD,sample/images/4587.jpg,true
25790,Arrow Men Red Suspenders,Arrow Men Red Suspenders is a red suspender from Arrow. It is designed for men and suited to formal wear. Part of the summer season 2012 range. Listed under Apparel.,Apparel,Suspenders,Arrow,Red,Men,Formal,Summer,2012,63.95,USD,sample/images/25790.jpg,true
51778,Bwitch White Printed Camisole,Bwitch White Printed Camisole is a white camisole from Bwitch. It is designed for women and suited to casual wear. Part of the summer season 2016 range. Listed under Apparel.,Apparel,Camisoles,Bwitch,White,Women,Casual,Summer,2016,47.95,USD,sample/images/51778.jpg,true
57790,Lotus Herbals Pure Radiance Matte Pearl Compact 545,Lotus Herbals Pure Radiance Matte Pearl Compact 545 is a skin compact from Lotus Herbals. It is designed for women and suited to casual wear. Part of the spring season 2017 range. Listed under Personal Care.,Personal Care,Compact,Lotus Herbals,Skin,Women,Casual,Spring,2017,92.95,USD,sample/images/57790.jpg,true
17387,Reid & Taylor Men Solid Blue Muffler,Reid & Taylor Men Solid Blue Muffler is a blue muffler from Reid & Taylor. It is designed for men and suited to casual wear. Part of the fall season 2011 range. Listed under Accessories.,Accessories,Mufflers,Reid & Taylor,Blue,Men,Casual,Fall,2011,61.95,USD,sample/images/17387.jpg,true
56580,Streetwear Crystal Shine Ivory Face Brightener Loose Powder,Streetwear Crystal Shine Ivory Face Brightener Loose Powder is a skin highlighter and blush from Streetwear. It is designed for women and suited to casual wear. Part of the spring season 2017 range. Listed under Personal Care.,Personal Care,Highlighter and Blush,Streetwear,Skin,Women,Casual,Spring,2017,66.99,USD,sample/images/56580.jpg,true
47066,Shree Women Teal Printed Patiala,Shree Women Teal Printed Patiala is a teal patiala from Shree. It is designed for women and suited to ethnic wear. Part of the fall season 2012 range. Listed under Apparel.,Apparel,Patiala,Shree,Teal,Women,Ethnic,Fall,2012,65.49,USD,sample/images/47066.jpg,true
50657,Chromozome Men Black Lounge Shorts,Chromozome Men Black Lounge Shorts is a pair of black lounge shorts from Chromozome. It is designed for men and suited to sports wear. Part of the winter season 2016 range. Listed under Apparel.,Apparel,Lounge Shorts,Chromozome,Black,Men,Sports,Winter,2016,97.95,USD,sample/images/50657.jpg,true
27009,Jealous 21 Women Washed Blue Jeggings,Jealous 21 Women Washed Blue Jeggings is a blue jegging from Jealous 21. It is designed for women and suited to casual wear. Part of the summer season 2012 range. Listed under Apparel.,Apparel,Jeggings,Jealous 21,Blue,Women,Casual,Summer,2012,24.95,USD,sample/images/27009.jpg,true
33985,Femella Women Black Stockings,Femella Women Black Stockings is a pair of black stockings from Femella. It is designed for women and suited to casual wear. Part of the spring season 2012 range. Listed under Apparel.,Apparel,Stockings,Femella,Black,Women,Casual,Spring,2012,21.49,USD,sample/images/33985.jpg,true
49098,Deborah HiTech Trio Eye Shadow 10,Deborah HiTech Trio Eye Shadow 10 is a green eyeshadow from Deborah. It is designed for women and suited to casual wear. Part of the spring season 2017 range. Listed under Personal Care.,Personal Care,Eyeshadow,Deborah,Green,Women,Casual,Spring,2017,72.49,USD,sample/images/49098.jpg,true
30896,Fabindia Women Beige Salwar,Fabindia Women Beige Salwar is a beige salwar from Fabindia. It is designed for women and suited to ethnic wear. Part of the summer season 2012 range. Listed under Apparel.,Apparel,Salwar,Fabindia,Beige,Women,Ethnic,Summer,2012,35.49,USD,sample/images/30896.jpg,true
30714,Fabindia Boys White Churidar,Fabindia Boys White Churidar is a white churidar from Fabindia. It is designed for boys and suited to ethnic wear. Part of the summer season 2012 range. Listed under Apparel.,Apparel,Churidar,Fabindia,White,Boys,Ethnic,Summer,2012,18.95,USD,sample/images/30714.jpg,true
29057,ADIDAS Men Black Tracksuit,ADIDAS Men Black Tracksuit is a black tracksuit from ADIDAS. It is designed for men and suited to sports wear. Part of the summer season 2012 range. Listed under Apparel.,Apparel,Tracksuits,ADIDAS,Black,Men,Sports,Summer,2012,93.49,USD,sample/images/29057.jpg,true
37542,Madagascar 3 Infant Boys White Mittens,Madagascar 3 Infant Boys White Mittens is a pair of white gloves from Madagascar 3 Infant. It is designed for boys and suited to casual wear. Part of the summer season 2012 range. Listed under Accessories.,Accessories,Gloves,Madagascar 3 Infant,White,Boys,Casual,Summer,2012,85.49,USD,sample/images/37542.jpg,true
55336,Revlon Colorsilk 1N Black Hair Colour,Revlon Colorsilk 1N Black Hair Colour is a black hair colour from Revlon. It is designed for women and suited to casual wear. Part of the spring season 2017 range. Listed under Personal Care.,Personal Care,Hair Colour,Revlon,Black,Women,Casual,Spring,2017,18.49,USD,sample/images/55336.jpg,true
52476,Red Rose Women White & Blue Polka Dot Print Bath Robe,Red Rose Women White & Blue Polka Dot Print Bath Robe is a blue bath robe. It is designed for women and suited to casual wear. Part of the winter season 2015 range. Listed under Apparel.,Apparel,Bath Robe,,Blue,Women,Casual,Winter,2015,29.99,USD,sample/images/52476.jpg,true
1638,Nabaiji Swimming Goggles Blue Black,Nabaiji Swimming Goggles Blue Black is a blue swimwear from Nabaiji. It is a unisex design and suited to sports wear. Part of the fall season 2010 range. Listed under Apparel.,Apparel,Swimwear,Nabaiji,Blue,Unisex,Sports,Fall,2010,26.95,USD,sample/images/1638.jpg,true
19915,Wildcraft Unisex Pink Waist Pouch,Wildcraft Unisex Pink Waist Pouch is a pink waist pouch from Wildcraft. It is a unisex design and suited to casual wear. Part of the winter season 2015 range. Listed under Accessories.,Accessories,Waist Pouch,Wildcraft,Pink,Unisex,Casual,Winter,2015,20.49,USD,sample/images/19915.jpg,true
56631,Olay Regenerist Cream Cleanser,Olay Regenerist Cream Cleanser is a white face wash and cleanser from Olay. It is designed for women and suited to casual wear. Part of the spring season 2017 range. Listed under Personal Care.,Personal Care,Face Wash and Cleanser,Olay,White,Women,Casual,Spring,2017,25.99,USD,sample/images/56631.jpg,true
14890,United Colors of Benetton Women Solid Purple Bags,United Colors of Benetton Women Solid Purple Bags is a purple travel accessory from United Colors of Benetton. It is designed for women and suited to casual wear. Part of the summer season 2011 range. Listed under Accessories.,Accessories,Travel Accessory,United Colors of Benetton,Purple,Women,Casual,Summer,2011,46.99,USD,sample/images/14890.jpg,true
43666,ONLY Women Peach Short Jumpsuit,ONLY Women Peach Short Jumpsuit is a peach jumpsuit from ONLY. It is designed for women and suited to casual wear. Part of the summer season 2012 range. Listed under Apparel.,Apparel,Jumpsuit,ONLY,Peach,Women,Casual,Summer,2012,55.99,USD,sample/images/43666.jpg,true
8582,Scullers Men Grey Waistcoat,Scullers Men Grey Waistcoat is a grey waistcoat from Scullers. It is designed for men and suited to casual wear. Part of the fall season 2011 range. Listed under Apparel.,Apparel,Waistcoat,Scullers,Grey,Men,Casual,Fall,2011,87.95,USD,sample/images/8582.jpg,true
57867,Biotique Women Bio Aloevera SPF 30 Sunscreen Lotion,Biotique Women Bio Aloevera SPF 30 Sunscreen Lotion is a yellow sunscreen from Biotique. It is designed for women and suited to casual wear. Part of the spring season 2017 range. Listed under Personal Care.,Personal Care,Sunscreen,Biotique,Yellow,Women,Casual,Spring,2017,49.95,USD,sample/images/57867.jpg,true
52481,Red Rose Pink & Black Nightdress,Red Rose Pink & Black Nightdress is a pink baby doll. It is designed for women and suited to casual wear. Part of the winter season 2015 range. Listed under Apparel.,Apparel,Baby Dolls,,Pink,Women,Casual,Winter,2015,38.95,USD,sample/images/52481.jpg,true
4008,Spalding Unisex Ochre Yellow Basketball,Spalding Unisex Ochre Yellow Basketball is a yellow basketball from Spalding. It is a unisex design and suited to sports wear. Part of the summer season 2011 range. Listed under Sporting Goods.,Sporting Goods,Basketballs,Spalding,Yellow,Unisex,Sports,Summer,2011,82.95,USD,sample/images/4008.jpg,true
37562,Madagascar3 Infant Boys Light Green Snapsuit Romper,Madagascar3 Infant Boys Light Green Snapsuit Romper is a green romper from Madagascar3. It is designed for girls and suited to casual wear. Part of the summer season 2012 range. Listed under Apparel.,Apparel,Rompers,Madagascar3,Green,Girls,Casual,Summer,2012,49.99,USD,sample/images/37562.jpg,true
37550,Madagascar 3 Infant Girls Light Green Booties,Madagascar 3 Infant Girls Light Green Booties is a pair of green booties from Madagascar 3 Infant. It is designed for girls and suited to casual wear. Part of the summer season 2012 range. Listed under Apparel.,Apparel,Booties,Madagascar 3 Infant,Green,Girls,Casual,Summer,2012,41.49,USD,sample/images/37550.jpg,true
57706,Lotus Herbals Maxlash Botanical Mascara,Lotus Herbals Maxlash Botanical Mascara is a black mascara from Lotus Herbals. It is designed for women and suited to casual wear. Part of the spring season 2017 range. Listed under Personal Care.,Personal Care,Mascara,Lotus Herbals,Black,Women,Casual,Spring,2017,62.49,USD,sample/images/57706.jpg,true
1915,Quechua Yellow Sipper,Quechua Yellow Sipper is a yellow water bottle from Quechua. It is a unisex design and suited to casual wear. Part of the summer season 2011 range. Listed under Accessories.,Accessories,Water Bottle,Quechua,Yellow,Unisex,Casual,Summer,2011,34.95,USD,sample/images/1915.jpg,true
56178,Colorbar Sand Beige Concealer 003,Colorbar Sand Beige Concealer 003 is a beige concealer from Colorbar. It is designed for women and suited to casual wear. Part of the spring season 2017 range. Listed under Personal Care.,Personal Care,Concealer,Colorbar,Beige,Women,Casual,Spring,2017,69.95,USD,sample/images/56178.jpg,true
19913,Wildcraft Unisex Grey & Yellow Rucksack,Wildcraft Unisex Grey & Yellow Rucksack is a yellow rucksack from Wildcraft. It is a unisex design and suited to casual wear. Part of the winter season 2015 range. Listed under Accessories.,Accessories,Rucksacks,Wildcraft,Yellow,Unisex,Casual,Winter,2015,40.49,USD,sample/images/19913.jpg,true
57878,Biotique Bio Peach Clarifying & Refining Peel-Off Mask,Biotique Bio Peach Clarifying & Refining Peel-Off Mask is a beige mask and peel from Biotique Bio. It is designed for women and suited to casual wear. Part of the spring season 2017 range. Listed under Personal Care.,Personal Care,Mask and Peel,Biotique Bio,Beige,Women,Casual,Spring,2017,40.95,USD,sample/images/57878.jpg,true
17931,Nike Men Training Black Tights,Nike Men Training Black Tights is a pair of black tights from Nike. It is designed for men and suited to sports wear. Part of the summer season 2012 range. Listed under Apparel.,Apparel,Tights,Nike,Black,Men,Sports,Summer,2012,90.49,USD,sample/images/17931.jpg,true
59729,Avirate Beige Wired Corset Shapewear,Avirate Beige Wired Corset Shapewear is a skin shapewear from Avirate. It is designed for women and suited to casual wear. Part of the summer season 2014 range. Listed under Apparel.,Apparel,Shapewear,Avirate,Skin,Women,Casual,Summer,2014,90.99,USD,sample/images/59729.jpg,true
31161,Gini and Jony Boys Printed Navy Blue Blazer,Gini and Jony Boys Printed Navy Blue Blazer is a navy blue blazer from Gini and Jony. It is designed for boys and suited to casual wear. Part of the summer season 2012 range. Listed under Apparel.,Apparel,Blazers,Gini and Jony,Navy Blue,Boys,Casual,Summer,2012,84.99,USD,sample/images/31161.jpg,true
1627,Kipsta F300 Football,Kipsta F300 Football is a white football from Kipsta. It is a unisex design and suited to sports wear. Part of the fall season 2010 range. Listed under Sporting Goods.,Sporting Goods,Footballs,Kipsta,White,Unisex,Sports,Fall,2010,38.49,USD,sample/images/1627.jpg,true
35895,Jungle Book Boys Baby Blue Clothing Set,Jungle Book Boys Baby Blue Clothing Set is a blue clothing set from Jungle Book. It is designed for boys and suited to casual wear. Part of the summer season 2012 range. Listed under Apparel.,Apparel,Clothing Set,Jungle Book,Blue,Boys,Casual,Summer,2012,15.99,USD,sample/images/35895.jpg,true
57730,Lotus Herbals Fresh Mint Lip Balm,Lotus Herbals Fresh Mint Lip Balm is a green lip care from Lotus Herbals. It is designed for women and suited to casual wear. Part of the spring season 2017 range. Listed under Personal Care.,Personal Care,Lip Care,Lotus Herbals,Green,Women,Casual,Spring,2017,53.95,USD,sample/images/57730.jpg,true
50384,Vishudh Women Black Salwar and Dupatta,Vishudh Women Black Salwar and Dupatta is a black salwar and dupatta from Vishudh. It is designed for women and suited to ethnic wear. Part of the summer season 2012 range. Listed under Apparel.,Apparel,Salwar and Dupatta,Vishudh,Black,Women,Ethnic,Summer,2012,82.95,USD,sample/images/50384.jpg,true
17641,Puma Unisex Cat White Headband,Puma Unisex Cat White Headband is a white headband from Puma. It is a unisex design and suited to sports wear. Part of the fall season 2013 range. Listed under Accessories.,Accessories,Headband,Puma,White,Unisex,Sports,Fall,2013,103.49,USD,sample/images/17641.jpg,true
42830,Nike Unisex Swoosh Black Wristbands,Nike Unisex Swoosh Black Wristbands is a black wristband from Nike. It is a unisex design and suited to sports wear. Part of the summer season 2012 range. Listed under Sporting Goods.,Sporting Goods,Wristbands,Nike,Black,Unisex,Sports,Summer,2012,69.49,USD,sample/images/42830.jpg,true
59105,Just Natural Men Navy Blue Rain Jacket,Just Natural Men Navy Blue Rain Jacket is a blue rain jacket from Just Natural. It is designed for men and suited to casual wear. Part of the fall season 2012 range. Listed under Apparel.,Apparel,Rain Jacket,Just Natural,Blue,Men,Casual,Fall,2012,77.95,USD,sample/images/59105.jpg,true
58507,Tonga Women Coffee Brown Shrug,Tonga Women Coffee Brown Shrug is a white shrug from Tonga. It is designed for women and suited to casual wear. Part of the summer season 2012 range. Listed under Apparel.,Apparel,Shrug,Tonga,White,Women,Casual,Summer,2012,80.99,USD,sample/images/58507.jpg,true
55352,Revlon Extra Fast Nail Polish Remover,Revlon Extra Fast Nail Polish Remover is a white nail essential from Revlon. It is designed for women and suited to casual wear. Part of the spring season 2017 range. Listed under Personal Care.,Personal Care,Nail Essentials,Revlon,White,Women,Casual,Spring,2017,19.49,USD,sample/images/55352.jpg,true
14875,United Colors of Benetton Women Printed Purple Umbrellas,United Colors of Benetton Women Printed Purple Umbrellas is a purple umbrella from United Colors of Benetton. It is designed for women and suited to casual wear. Part of the summer season 2011 range. Listed under Accessories.,Accessories,Umbrellas,United Colors of Benetton,Purple,Women,Casual,Summer,2011,73.49,USD,sample/images/14875.jpg,true
30741,Fabindia Men Brown Silk Sleeveless Jacket,Fabindia Men Brown Silk Sleeveless Jacket is a brown nehru jacket from Fabindia. It is designed for men and suited to ethnic wear. Part of the summer season 2012 range. Listed under Apparel.,Apparel,Nehru Jackets,Fabindia,Brown,Men,Ethnic,Summer,2012,95.95,USD,sample/images/30741.jpg,true
55561,Revlon Touch & Glow Advanced Fairness Under Eye Repair Cream,Revlon Touch & Glow Advanced Fairness Under Eye Repair Cream is a white eye cream from Revlon. It is designed for women and suited to casual wear. Part of the spring season 2017 range. Listed under Personal Care.,Personal Care,Eye Cream,Revlon,White,Women,Casual,Spring,2017,21.95,USD,sample/images/55561.jpg,true
57418,Amante Black Robe,Amante Black Robe is a black robe from Amante. It is designed for women and suited to casual wear. Part of the winter season 2015 range. Listed under Apparel.,Apparel,Robe,Amante,Black,Women,Casual,Winter,2015,91.49,USD,sample/images/57418.jpg,true
57879,Biotique Women Bio Papaya Revitalizing Scrub,Biotique Women Bio Papaya Revitalizing Scrub is a beige face scrub and exfoliator from Biotique. It is designed for women and suited to casual wear. Part of the spring season 2017 range. Listed under Personal Care.,Personal Care,Face Scrub and Exfoliator,Biotique,Beige,Women,Casual,Spring,2017,21.95,USD,sample/images/57879.jpg,true
30725,Fabindia Girls Printed Pink Lehenga Choli,Fabindia Girls Printed Pink Lehenga Choli is a pink lehenga choli from Fabindia. It is designed for girls and suited to ethnic wear. Part of the summer season 2012 range. Listed under Apparel.,Apparel,Lehenga Choli,Fabindia,Pink,Girls,Ethnic,Summer,2012,58.95,USD,sample/images/30725.jpg,true
49102,Deborah Burgundy Volume Lip Plumper 03,Deborah Burgundy Volume Lip Plumper 03 is a burgundy lip plumper from Deborah. It is designed for women and suited to casual wear. Part of the spring season 2017 range. Listed under Personal Care.,Personal Care,Lip Plumper,Deborah,Burgundy,Women,Casual,Spring,2017,88.49,USD,sample/images/49102.jpg,true
10886,Wrangler Men Cream Mark Your Territory T-shirt,Wrangler Men Cream Mark Your Territory T-shirt is a cream tshirt from Wrangler. It is designed for men and suited to casual wear. Part of the fall season 2011 range. Listed under Apparel.,Apparel,Tshirts,Wrangler,Cream,Men,Casual,Fall,2011,43.99,USD,sample/images/10886.jpg,true
13417,United Colors of Benetton Men Solid Blue Shirts,United Colors of Benetton Men Solid Blue Shirts is a blue shirt from United Colors of Benetton. It is designed for men and suited to casual wear. Part of the summer season 2011 range. Listed under Apparel.,Apparel,Shirts,United Colors of Benetton,Blue,Men,Casual,Summer,2011,75.49,USD,sample/images/13417.jpg,true
49510,Vans Men Black Shoes,Vans Men Black Shoes is a pair of black casual shoes from Vans. It is designed for men and suited to casual wear. Part of the summer season 2012 range. Listed under Footwear.,Footwear,Casual Shoes,Vans,Black,Men,Casual,Summer,2012,38.95,USD,sample/images/49510.jpg,true
36772,Maxima Women Black Watch,Maxima Women Black Watch is a black watch from Maxima. It is designed for women and suited to casual wear. Part of the winter season 2016 range. Listed under Accessories.,Accessories,Watches,Maxima,Black,Women,Casual,Winter,2016,68.99,USD,sample/images/36772.jpg,true
22977,Fila Men White Galaxy Sports Shoes,Fila Men White Galaxy Sports Shoes is a pair of white sports shoes from Fila. It is designed for men and suited to sports wear. Part of the fall season 2011 range. Listed under Footwear.,Footwear,Sports Shoes,Fila,White,Men,Sports,Fall,2011,113.95,USD,sample/images/22977.jpg,true
39178,Aneri Women Blue & Brown Printed Kurta,Aneri Women Blue & Brown Printed Kurta is a blue kurta from Aneri. It is designed for women and suited to ethnic wear. Part of the summer season 2012 range. Listed under Apparel.,Apparel,Kurtas,Aneri,Blue,Women,Ethnic,Summer,2012,86.95,USD,sample/images/39178.jpg,true
26922,Jealous 21 Women Purple Top,Jealous 21 Women Purple Top is a purple top from Jealous 21. It is designed for women and suited to casual wear. Part of the summer season 2012 range. Listed under Apparel.,Apparel,Tops,Jealous 21,Purple,Women,Casual,Summer,2012,39.95,USD,sample/images/26922.jpg,true
48174,Fossil Women Multi Coloured Handbag,Fossil Women Multi Coloured Handbag is a multi handbag from Fossil. It is designed for women and suited to casual wear. Part of the winter season 2016 range. Listed under Accessories.,Accessories,Handbags,Fossil,Multi,Women,Casual,Winter,2016,180.95,USD,sample/images/48174.jpg,true
56914,HM Women Black Heels,HM Women Black Heels is a pair of black heels from HM. It is designed for women and suited to casual wear. Part of the winter season 2012 range. Listed under Footwear.,Footwear,Heels,HM,Black,Women,Casual,Winter,2012,68.49,USD,sample/images/56914.jpg,true
38196,Polaroid Men Sunglasses,Polaroid Men Sunglasses is a pair of grey sunglasses from Polaroid. It is designed for men and suited to casual wear. Part of the winter season 2016 range. Listed under Accessories.,Accessories,Sunglasses,Polaroid,Grey,Men,Casual,Winter,2016,31.99,USD,sample/images/38196.jpg,true
54390,Baggit Women Grey Wallet,Baggit Women Grey Wallet is a grey wallet from Baggit. It is designed for women and suited to casual wear. Part of the summer season 2012 range. Listed under Accessories.,Accessories,Wallets,Baggit,Grey,Women,Casual,Summer,2012,28.99,USD,sample/images/54390.jpg,true
10749,Disney Unisex Kids Mickey Star Red Flip Flops,Disney Unisex Kids Mickey Star Red Flip Flops is a pair of red flip flops from Disney. It is a unisex design and suited to casual wear. Part of the winter season 2012 range. Listed under Footwear.,Footwear,Flip Flops,Disney,Red,Unisex,Casual,Winter,2012,11.99,USD,sample/images/10749.jpg,true
8638,Crocs Khakhi Sandals,Crocs Khakhi Sandals is a pair of brown sandals from Crocs. It is a unisex design and suited to casual wear. Part of the fall season 2011 range. Listed under Footwear.,Footwear,Sandals,Crocs,Brown,Unisex,Casual,Fall,2011,34.49,USD,sample/images/8638.jpg,true
50526,Chromozome Men Pack of 2 Briefs,Chromozome Men Pack of 2 Briefs is a grey brief from Chromozome. It is designed for men and suited to casual wear. Part of the winter season 2016 range. Listed under Apparel.,Apparel,Briefs,Chromozome,Grey,Men,Casual,Winter,2016,35.49,USD,sample/images/50526.jpg,true
14976,New Hide Men Solid Black Belts,New Hide Men Solid Black Belts is a black belt from New Hide. It is designed for men and suited to formal wear. Part of the fall season 2011 range. Listed under Accessories.,Accessories,Belts,New Hide,Black,Men,Formal,Fall,2011,27.99,USD,sample/images/14976.jpg,true
4671,ADIDAS Unisex Ess BP Dark Navy Blue Backpack,ADIDAS Unisex Ess BP Dark Navy Blue Backpack is a navy blue backpack from ADIDAS. It is a unisex design and suited to sports wear. Part of the summer season 2011 range. Listed under Accessories.,Accessories,Backpacks,ADIDAS,Navy Blue,Unisex,Sports,Summer,2011,49.49,USD,sample/images/4671.jpg,true
46878,Lino Perros Men Pack of 2 Socks,Lino Perros Men Pack of 2 Socks is a pair of black socks from Lino Perros. It is designed for men and suited to casual wear. Part of the summer season 2012 range. Listed under Accessories.,Accessories,Socks,Lino Perros,Black,Men,Casual,Summer,2012,5.49,USD,sample/images/46878.jpg,true
33700,Cobblerz Men Black Formal Shoes,Cobblerz Men Black Formal Shoes is a pair of black formal shoes from Cobblerz. It is designed for men and suited to formal wear. Part of the winter season 2012 range. Listed under Footwear.,Footwear,Formal Shoes,Cobblerz,Black,Men,Formal,Winter,2012,262.95,USD,sample/images/33700.jpg,true
44038,Boss Women Femme Perfume,Boss Women Femme Perfume is a pink perfume and body mist from Boss. It is designed for women and suited to casual wear. Part of the spring season 2017 range. Listed under Personal Care.,Personal Care,Perfume and Body Mist,Boss,Pink,Women,Casual,Spring,2017,117.99,USD,sample/images/44038.jpg,true
54796,Peter England Men Blue Jeans,Peter England Men Blue Jeans is a pair of blue jeans from Peter England. It is designed for men and suited to casual wear. Part of the summer season 2012 range. Listed under Apparel.,Apparel,Jeans,Peter England,Blue,Men,Casual,Summer,2012,58.49,USD,sample/images/54796.jpg,true
9342,Puma Men Pants Navy Blue Shorts,Puma Men Pants Navy Blue Shorts is a pair of navy blue shorts from Puma. It is designed for men and suited to casual wear. Part of the fall season 2011 range. Listed under Apparel.,Apparel,Shorts,Puma,Navy Blue,Men,Casual,Fall,2011,45.99,USD,sample/images/9342.jpg,true
26139,John Miller Men Grey Trousers,John Miller Men Grey Trousers is a pair of grey trousers from John Miller. It is designed for men and suited to formal wear. Part of the summer season 2012 range. Listed under Apparel.,Apparel,Trousers,John Miller,Grey,Men,Formal,Summer,2012,41.49,USD,sample/images/26139.jpg,true
45412,Rocia Women Black & White Sandals,Rocia Women Black & White Sandals is a pair of white flats from Rocia. It is designed for women and suited to casual wear. Part of the winter season 2012 range. Listed under Footwear.,Footwear,Flats,Rocia,White,Women,Casual,Winter,2012,61.49,USD,sample/images/45412.jpg,true
59076,Peri Peri Women Skin Bra,Peri Peri Women Skin Bra is a skin bra from Peri Peri. It is designed for women and suited to casual wear. Part of the summer season 2017 range. Listed under Apparel.,Apparel,Bra,Peri Peri,Skin,Women,Casual,Summer,2017,75.99,USD,sample/images/59076.jpg,true
13472,United Colors of Benetton Women Solid White Dress,United Colors of Benetton Women Solid White Dress is a white dress from United Colors of Benetton. It is designed for women and suited to casual wear. Part of the summer season 2011 range. Listed under Apparel.,Apparel,Dresses,United Colors of Benetton,White,Women,Casual,Summer,2011,110.99,USD,sample/images/13472.jpg,true
52967,FNF Green Sari,FNF Green Sari is a green saree from FNF. It is designed for women and suited to ethnic wear. Part of the fall season 2012 range. Listed under Apparel.,Apparel,Sarees,FNF,Green,Women,Ethnic,Fall,2012,98.49,USD,sample/images/52967.jpg,true
59765,Estelle Women Gold Earrings,Estelle Women Gold Earrings is a pair of gold earrings from Estelle. It is designed for women and suited to casual wear. Part of the winter season 2016 range. Listed under Accessories.,Accessories,Earrings,Estelle,Gold,Women,Casual,Winter,2016,63.49,USD,sample/images/59765.jpg,true
58977,Colour Me Men Silver Deo,Colour Me Men Silver Deo is a silver deodorant. It is designed for men and suited to casual wear. Part of the spring season 2017 range. Listed under Personal Care.,Personal Care,Deodorant,,Silver,Men,Casual,Spring,2017,27.95,USD,sample/images/58977.jpg,true
2109,ADIDAS Women's Slim Fit Lycra Track Pants,ADIDAS Women's Slim Fit Lycra Track Pants is a pair of black track pants from ADIDAS. It is designed for women and suited to sports wear. Part of the fall season 2010 range. Listed under Apparel.,Apparel,Track Pants,ADIDAS,Black,Women,Sports,Fall,2010,46.99,USD,sample/images/2109.jpg,true
21980,Murcia Women Casual Silver Clutches,Murcia Women Casual Silver Clutches is a silver clutch from Murcia. It is designed for women and suited to casual wear. Part of the winter season 2015 range. Listed under Accessories.,Accessories,Clutches,Murcia,Silver,Women,Casual,Winter,2015,46.95,USD,sample/images/21980.jpg,true
9970,Nike Men As Squad Ft C Black Sweatshirts,Nike Men As Squad Ft C Black Sweatshirts is a black sweatshirt from Nike. It is designed for men and suited to sports wear. Part of the fall season 2011 range. Listed under Apparel.,Apparel,Sweatshirts,Nike,Black,Men,Sports,Fall,2011,56.95,USD,sample/images/9970.jpg,true
13824,Proline Men White & Maroon Colourblocked Beanie,Proline Men White & Maroon Colourblocked Beanie is a maroon cap from Proline. It is designed for men and suited to casual wear. Part of the fall season 2011 range. Listed under Accessories.,Accessories,Caps,Proline,Maroon,Men,Casual,Fall,2011,34.49,USD,sample/images/13824.jpg,true
55390,Revlon Really Rosy Nail Polish 308,Revlon Really Rosy Nail Polish 308 is a rose nail polish from Revlon. It is designed for women and suited to casual wear. Part of the spring season 2017 range. Listed under Personal Care.,Personal Care,Nail Polish,Revlon,Rose,Women,Casual,Spring,2017,19.95,USD,sample/images/55390.jpg,true
19532,United Colors of Benetton Men Solid Red Sweater,United Colors of Benetton Men Solid Red Sweater is a red sweater from United Colors of Benetton. It is designed for men and suited to casual wear. Part of the summer season 2011 range. Listed under Apparel.,Apparel,Sweaters,United Colors of Benetton,Red,Men,Casual,Summer,2011,40.49,USD,sample/images/19532.jpg,true
58883,Hakashi Men Blue Tie,Hakashi Men Blue Tie is a blue tie from Hakashi. It is designed for men and suited to casual wear. Part of the summer season 2012 range. Listed under Accessories.,Accessories,Ties,Hakashi,Blue,Men,Casual,Summer,2012,60.95,USD,sample/images/58883.jpg,true
55434,Revlon Ruby Colorburst Lipstick 85,Revlon Ruby Colorburst Lipstick 85 is a red lipstick from Revlon. It is designed for women and suited to casual wear. Part of the spring season 2017 range. Listed under Personal Care.,Personal Care,Lipstick,Revlon,Red,Women,Casual,Spring,2017,25.49,USD,sample/images/55434.jpg,true
18517,C Vox Men Ribstop 1348 Black Jacket,C Vox Men Ribstop 1348 Black Jacket is a black jacket from C Vox. It is designed for men and suited to casual wear. Part of the fall season 2011 range. Listed under Apparel.,Apparel,Jackets,C Vox,Black,Men,Casual,Fall,2011,55.99,USD,sample/images/18517.jpg,true
25369,Levis Men Green Innerwear Vest,Levis Men Green Innerwear Vest is a green innerwear vest from Levis. It is designed for men and suited to casual wear. Part of the summer season 2016 range. Listed under Apparel.,Apparel,Innerwear Vests,Levis,Green,Men,Casual,Summer,2016,45.49,USD,sample/images/25369.jpg,true
52099,Myntra Women White Floral Printed Kurti,Myntra Women White Floral Printed Kurti is a white kurtis from Myntra. It is designed for women and suited to ethnic wear. Part of the summer season 2012 range. Listed under Apparel.,Apparel,Kurtis,Myntra,White,Women,Ethnic,Summer,2012,71.95,USD,sample/images/52099.jpg,true
43665,ONLY Women Purple Tunic,ONLY Women Purple Tunic is a purple tunic from ONLY. It is designed for women and suited to casual wear. Part of the summer season 2012 range. Listed under Apparel.,Apparel,Tunics,ONLY,Purple,Women,Casual,Summer,2012,89.99,USD,sample/images/43665.jpg,true
55800,SDL by Sweet Dreams Women Green Nightdress,SDL by Sweet Dreams Women Green Nightdress is a white nightdress from SDL by Sweet Dreams. It is designed for women and suited to casual wear. Part of the summer season 2017 range. Listed under Apparel.,Apparel,Nightdress,SDL by Sweet Dreams,White,Women,Casual,Summer,2017,88.95,USD,sample/images/55800.jpg,true
22459,Myntra Women Purple Leggings,Myntra Women Purple Leggings is a pair of purple leggings from Myntra. It is designed for women and suited to casual wear. Part of the fall season 2011 range. Listed under Apparel.,Apparel,Leggings,Myntra,Purple,Women,Casual,Fall,2011,35.49,USD,sample/images/22459.jpg,true
48877,Lucera Women Silver Pendant,Lucera Women Silver Pendant is a silver pendant from Lucera. It is designed for women and suited to casual wear. Part of the summer season 2013 range. Listed under Accessories.,Accessories,Pendant,Lucera,Silver,Women,Casual,Summer,2013,83.49,USD,sample/images/48877.jpg,true
38900,Allen Solly Kids Girls Poplin Yellow Capris,Allen Solly Kids Girls Poplin Yellow Capris is a pair of yellow capris from Allen Solly. It is designed for girls and suited to casual wear. Part of the summer season 2012 range. Listed under Apparel.,Apparel,Capris,Allen Solly,Yellow,Girls,Casual,Summer,2012,63.95,USD,sample/images/38900.jpg,true
46130,Adrika Pink Necklace,Adrika Pink Necklace is a pink necklace and chain from Adrika. It is designed for women and suited to ethnic wear. Part of the winter season 2015 range. Listed under Accessories.,Accessories,Necklace and Chains,Adrika,Pink,Women,Ethnic,Winter,2015,69.99,USD,sample/images/46130.jpg,true
56229,SDL by Sweet Dreams Men Brown Pyjama Set,SDL by Sweet Dreams Men Brown Pyjama Set is a black night suit from SDL by Sweet Dreams. It is designed for men and suited to casual wear. Part of the summer season 2016 range. Listed under Apparel.,Apparel,Night suits,SDL by Sweet Dreams,Black,Men,Casual,Summer,2016,58.99,USD,sample/images/56229.jpg,true
17860,Levis Men Boxer Green Trunks,Levis Men Boxer Green Trunks is a green trunk from Levis. It is designed for men and suited to casual wear. Part of the summer season 2016 range. Listed under Apparel.,Apparel,Trunk,Levis,Green,Men,Casual,Summer,2016,47.49,USD,sample/images/17860.jpg,true
6898,Forever New Women's Formal Cream Skirt,Forever New Women's Formal Cream Skirt is a cream skirt from Forever New. It is designed for women and suited to casual wear. Part of the summer season 2011 range. Listed under Apparel.,Apparel,Skirts,Forever New,Cream,Women,Casual,Summer,2011,49.49,USD,sample/images/6898.jpg,true
11140,Scullers Women Solid White Scarves,Scullers Women Solid White Scarves is a white scarve from Scullers. It is designed for women and suited to casual wear. Part of the fall season 2011 range. Listed under Accessories.,Accessories,Scarves,Scullers,White,Women,Casual,Fall,2011,14.99,USD,sample/images/11140.jpg,true
48949,Revv Men Steel Ring,Revv Men Steel Ring is a steel ring from Revv. It is designed for men and suited to casual wear. Part of the summer season 2013 range. Listed under Accessories.,Accessories,Ring,Revv,Steel,Men,Casual,Summer,2013,44.95,USD,sample/images/48949.jpg,true
34922,Fabindia Grey Dupatta,Fabindia Grey Dupatta is a grey dupatta from Fabindia. It is designed for women and suited to ethnic wear. Part of the summer season 2012 range. Listed under Apparel.,Apparel,Dupatta,Fabindia,Grey,Women,Ethnic,Summer,2012,54.95,USD,sample/images/34922.jpg,true
56102,Colorbar Star Ripe Apple Lip Gloss 01,Colorbar Star Ripe Apple Lip Gloss 01 is a maroon lip gloss from Colorbar. It is designed for women and suited to casual wear. Part of the spring season 2017 range. Listed under Personal Care.,Personal Care,Lip Gloss,Colorbar,Maroon,Women,Casual,Spring,2017,64.49,USD,sample/images/56102.jpg,true
59565,Revv Men Steel Cufflinks,Revv Men Steel Cufflinks is a pair of steel cufflinks from Revv. It is designed for men and suited to casual wear. Part of the summer season 2012 range. Listed under Accessories.,Accessories,Cufflinks,Revv,Steel,Men,Casual,Summer,2012,86.99,USD,sample/images/59565.jpg,true
31191,Cabarelli Men Accessory Gift Set,Cabarelli Men Accessory Gift Set is a brown accessory gift set from Cabarelli. It is designed for men and suited to casual wear. Part of the summer season 2015 range. Listed under Accessories.,Accessories,Accessory Gift Set,Cabarelli,Brown,Men,Casual,Summer,2015,30.99,USD,sample/images/31191.jpg,true
25600,Vishudh Women Magenta & Black Churidar Kurta with Dupatta,Vishudh Women Magenta & Black Churidar Kurta with Dupatta is a purple kurta set from Vishudh. It is designed for women and suited to ethnic wear. Part of the fall season 2011 range. Listed under Apparel.,Apparel,Kurta Sets,Vishudh,Purple,Women,Ethnic,Fall,2011,88.49,USD,sample/images/25600.jpg,true
55266,Lakme Absolute Shine Line Brown Shimmer Eye Liner,Lakme Absolute Shine Line Brown Shimmer Eye Liner is a brown kajal and eyeliner from Lakme. It is designed for women and suited to casual wear. Part of the spring season 2017 range. Listed under Personal Care.,Personal Care,Kajal and Eyeliner,Lakme,Brown,Women,Casual,Spring,2017,27.99,USD,sample/images/55266.jpg,true
51077,Satya Paul Yellow Saree,Satya Paul Yellow Saree is a yellow free gift from Satya Paul. It is designed for women and suited to ethnic wear. Part of the summer season 2012 range. Listed under Free Items.,Free Items,Free Gifts,Satya Paul,Yellow,Women,Ethnic,Summer,2012,37.95,USD,sample/images/51077.jpg,true
35025,Fabindia Women Mustard Chanderi Hand Printed Stole,Fabindia Women Mustard Chanderi Hand Printed Stole is a mustard stole from Fabindia. It is designed for women and suited to casual wear. Part of the summer season 2012 range. Listed under Accessories.,Accessories,Stoles,Fabindia,Mustard,Women,Casual,Summer,2012,74.95,USD,sample/images/35025.jpg,true
22647,Wildcraft Unisex Red Duffle Bag,Wildcraft Unisex Red Duffle Bag is a red duffel bag from Wildcraft. It is a unisex design and suited to casual wear. Part of the winter season 2015 range. Listed under Accessories.,Accessories,Duffel Bag,Wildcraft,Red,Unisex,Casual,Winter,2015,33.95,USD,sample/images/22647.jpg,true
52328,ToniQ Women Teal Set of 6 Bangles,ToniQ Women Teal Set of 6 Bangles is a blue bangle from ToniQ. It is designed for women and suited to casual wear. Part of the winter season 2016 range. Listed under Accessories.,Accessories,Bangle,ToniQ,Blue,Women,Casual,Winter,2016,48.99,USD,sample/images/52328.jpg,true
39525,Peter England Unisex Black Laptop Bag,Peter England Unisex Black Laptop Bag is a black laptop bag from Peter England. It is a unisex design and suited to casual wear. Part of the fall season 2012 range. Listed under Accessories.,Accessories,Laptop Bag,Peter England,Black,Unisex,Casual,Fall,2012,80.99,USD,sample/images/39525.jpg,true
49158,Deborah Fair Colour Copy Mat Effect 0 Foundation,Deborah Fair Colour Copy Mat Effect 0 Foundation is a skin foundation and primer from Deborah. It is designed for women and suited to casual wear. Part of the spring season 2017 range. Listed under Personal Care.,Personal Care,Foundation and Primer,Deborah,Skin,Women,Casual,Spring,2017,30.95,USD,sample/images/49158.jpg,true
16995,Rocia Women Casual Black Sandal,Rocia Women Casual Black Sandal is a pair of black sports sandals from Rocia. It is designed for women and suited to casual wear. Part of the winter season 2012 range. Listed under Footwear.,Footwear,Sports Sandals,Rocia,Black,Women,Casual,Winter,2012,16.99,USD,sample/images/16995.jpg,true
56198,Estelle Women Gold Bracelet,Estelle Women Gold Bracelet is a gold bracelet from Estelle. It is designed for women and suited to casual wear. Part of the winter season 2015 range. Listed under Accessories.,Accessories,Bracelet,Estelle,Gold,Women,Casual,Winter,2015,65.99,USD,sample/images/56198.jpg,true
50650,Chromozome Men Navy Blue Lounge Pants S-4801,Chromozome Men Navy Blue Lounge Pants S-4801 is a pair of navy blue lounge pants from Chromozome. It is designed for men and suited to casual wear. Part of the winter season 2016 range. Listed under Apparel.,Apparel,Lounge Pants,Chromozome,Navy Blue,Men,Casual,Winter,2016,18.99,USD,sample/images/50650.jpg,true
46039,Estelle Women Gold Earring & Pendant Set,Estelle Women Gold Earring & Pendant Set is a gold jewellery set from Estelle. It is designed for women and suited to casual wear. Part of the winter season 2016 range. Listed under Accessories.,Accessories,Jewellery Set,Estelle,Gold,Women,Casual,Winter,2016,32.99,USD,sample/images/46039.jpg,true
44174,Nike Fragrances Women Sensual Touch Perfume and Deo Set,Nike Fragrances Women Sensual Touch Perfume and Deo Set is a white fragrance gift set from Nike. It is designed for women and suited to casual wear. Part of the spring season 2017 range. Listed under Personal Care.,Personal Care,Fragrance Gift Set,Nike,White,Women,Casual,Spring,2017,54.95,USD,sample/images/44174.jpg,true
51385,Myntra Navy Blue Printed Boxers,Myntra Navy Blue Printed Boxers is a navy blue boxer from Myntra. It is designed for men and suited to casual wear. Part of the summer season 2012 range. Listed under Apparel.,Apparel,Boxers,Myntra,Navy Blue,Men,Casual,Summer,2012,49.49,USD,sample/images/51385.jpg,true
38433,Baggit Women Green Mobile Pouch,Baggit Women Green Mobile Pouch is a green mobile pouch from Baggit. It is designed for women and suited to casual wear. Part of the summer season 2012 range. Listed under Accessories.,Accessories,Mobile Pouch,Baggit,Green,Women,Casual,Summer,2012,38.49,USD,sample/images/38433.jpg,true
59858,Olay Women Natural White Healthy Fairness Day Lotion SPF 24,Olay Women Natural White Healthy Fairness Day Lotion SPF 24 is a white face moisturiser from Olay. It is designed for women and suited to casual wear. Part of the spring season 2017 range. Listed under Personal Care.,Personal Care,Face Moisturisers,Olay,White,Women,Casual,Spring,2017,15.99,USD,sample/images/59858.jpg,true
55222,Lakme Perfect Defination Walnut Lipliner 02,Lakme Perfect Defination Walnut Lipliner 02 is a brown lip liner from Lakme. It is designed for women and suited to casual wear. Part of the spring season 2017 range. Listed under Personal Care.,Personal Care,Lip Liner,Lakme,Brown,Women,Casual,Spring,2017,17.49,USD,sample/images/55222.jpg,true
50429,Lino Perros Unisex Blue Satchel,Lino Perros Unisex Blue Satchel is a blue messenger bag from Lino Perros. It is a unisex design and suited to casual wear. Part of the summer season 2012 range. Listed under Accessories.,Accessories,Messenger Bag,Lino Perros,Blue,Unisex,Casual,Summer,2012,41.95,USD,sample/images/50429.jpg,true
25779,Arrow Men Black Suspenders,Arrow Men Black Suspenders is a black suspender from Arrow. It is designed for men and suited to formal wear. Part of the summer season 2012 range. Listed under Apparel.,Apparel,Suspenders,Arrow,Black,Men,Formal,Summer,2012,28.95,USD,sample/images/25779.jpg,true
59698,Avirate Cream Fitted Camisoles,Avirate Cream Fitted Camisoles is a cream camisole from Avirate. It is designed for women and suited to casual wear. Part of the summer season 2014 range. Listed under Apparel.,Apparel,Camisoles,Avirate,Cream,Women,Casual,Summer,2014,35.49,USD,sample/images/59698.jpg,true
56184,ColorBar Neutral Triple Act Compact 001,ColorBar Neutral Triple Act Compact 001 is a skin compact from ColorBar. It is designed for women and suited to casual wear. Part of the spring season 2017 range. Listed under Personal Care.,Personal Care,Compact,ColorBar,Skin,Women,Casual,Spring,2017,57.95,USD,sample/images/56184.jpg,true
20053,United Colors Of Benetton Women Blue Muffler,United Colors Of Benetton Women Blue Muffler is a blue muffler from United Colors Of Benetton. It is designed for women and suited to casual wear. Part of the fall season 2011 range. Listed under Accessories.,Accessories,Mufflers,United Colors Of Benetton,Blue,Women,Casual,Fall,2011,88.95,USD,sample/images/20053.jpg,true
55585,Revlon Photo Ready Peach Sculpting Blush Palette 02,Revlon Photo Ready Peach Sculpting Blush Palette 02 is a peach highlighter and blush from Revlon. It is designed for women and suited to casual wear. Part of the spring season 2017 range. Listed under Personal Care.,Personal Care,Highlighter and Blush,Revlon,Peach,Women,Casual,Spring,2017,45.49,USD,sample/images/55585.jpg,true
30894,Fabindia Women Printed White & Blue Patiala,Fabindia Women Printed White & Blue Patiala is a white patiala from Fabindia. It is designed for women and suited to ethnic wear. Part of the summer season 2012 range. Listed under Apparel.,Apparel,Patiala,Fabindia,White,Women,Ethnic,Summer,2012,27.95,USD,sample/images/30894.jpg,true
50654,Chromozome Men Black Lounge Shorts,Chromozome Men Black Lounge Shorts is a pair of black lounge shorts from Chromozome. It is designed for men and suited to sports wear. Part of the winter season 2016 range. Listed under Apparel.,Apparel,Lounge Shorts,Chromozome,Black,Men,Sports,Winter,2016,50.95,USD,sample/images/50654.jpg,true
37207,United Colors of Benetton Women Navy Blue Jeggings,United Colors of Benetton Women Navy Blue Jeggings is a navy blue jegging from United Colors of Benetton. It is designed for women and suited to casual wear. Part of the summer season 2012 range. Listed under Apparel.,Apparel,Jeggings,United Colors of Benetton,Navy Blue,Women,Casual,Summer,2012,70.49,USD,sample/images/37207.jpg,true
19773,United Colors of Benetton Women Grey Striped Tights,United Colors of Benetton Women Grey Striped Tights is a pair of grey stockings from United Colors of Benetton. It is designed for women and suited to casual wear. Part of the fall season 2011 range. Listed under Apparel.,Apparel,Stockings,United Colors of Benetton,Grey,Women,Casual,Fall,2011,32.49,USD,sample/images/19773.jpg,true
55300,Lakme Shadow Artist Shimmer Stick,Lakme Shadow Artist Shimmer Stick is a green eyeshadow from Lakme. It is designed for women and suited to casual wear. Part of the spring season 2017 range. Listed under Personal Care.,Personal Care,Eyeshadow,Lakme,Green,Women,Casual,Spring,2017,56.49,USD,sample/images/55300.jpg,true
47053,Shree Women Blue & Yellow Jodhpuri Salwar,Shree Women Blue & Yellow Jodhpuri Salwar is a blue salwar from Shree. It is designed for women and suited to ethnic wear. Part of the summer season 2012 range. Listed under Apparel.,Apparel,Salwar,Shree,Blue,Women,Ethnic,Summer,2012,102.95,USD,sample/images/47053.jpg,true
30735,Fabindia Men Beige Churidar,Fabindia Men Beige Churidar is a beige churidar from Fabindia. It is designed for men and suited to ethnic wear. Part of the summer season 2012 range. Listed under Apparel.,Apparel,Churidar,Fabindia,Beige,Men,Ethnic,Summer,2012,108.49,USD,sample/images/30735.jpg,true
34256,Proline Men Black Solid Tracksuits,Proline Men Black Solid Tracksuits is a black tracksuit from Proline. It is designed for men and suited to sports wear. Part of the summer season 2013 range. Listed under Apparel.,Apparel,Tracksuits,Proline,Black,Men,Sports,Summer,2013,66.99,USD,sample/images/34256.jpg,true
37517,Madagascar 3 Infant Boys Yellow Mittens,Madagascar 3 Infant Boys Yellow Mittens is a pair of yellow gloves from Madagascar 3 Infant. It is designed for boys and suited to casual wear. Part of the summer season 2012 range. Listed under Accessories.,Accessories,Gloves,Madagascar 3 Infant,Yellow,Boys,Casual,Summer,2012,62.95,USD,sample/images/37517.jpg,true
55333,Revlon Colorsilk 3DB Deep Burgundy Hair Colour,Revlon Colorsilk 3DB Deep Burgundy Hair Colour is a burgundy hair colour from Revlon. It is designed for women and suited to casual wear. Part of the spring season 2017 range. Listed under Personal Care.,Personal Care,Hair Colour,Revlon,Burgundy,Women,Casual,Spring,2017,55.49,USD,sample/images/55333.jpg,true
52474,Red Rose Women White & Blue Polka Dot Print Bath Robe,Red Rose Women White & Blue Polka Dot Print Bath Robe is a blue bath robe. It is designed for women and suited to casual wear. Part of the winter season 2015 range. Listed under Apparel.,Apparel,Bath Robe,,Blue,Women,Casual,Winter,2015,86.49,USD,sample/images/52474.jpg,true
21589,Nabaiji Women Solid Black Swimsuit,Nabaiji Women Solid Black Swimsuit is a black swimwear from Nabaiji. It is designed for women and suited to sports wear. Part of the summer season 2011 range. Listed under Apparel.,Apparel,Swimwear,Nabaiji,Black,Women,Sports,Summer,2011,24.95,USD,sample/images/21589.jpg,true
5225,Wildcraft Unisex Travel Black Waist Pouch,Wildcraft Unisex Travel Black Waist Pouch is a black waist pouch from Wildcraft. It is a unisex design and suited to casual wear. Part of the winter season 2015 range. Listed under Accessories.,Accessories,Waist Pouch,Wildcraft,Black,Unisex,Casual,Winter,2015,28.95,USD,sample/images/5225.jpg,true
57796,Lotus Herbals Kiwi & Grapes Skin Polisher,Lotus Herbals Kiwi & Grapes Skin Polisher is a green face wash and cleanser from Lotus Herbals. It is designed for women and suited to casual wear. Part of the spring season 2017 range. Listed under Personal Care.,Personal Care,Face Wash and Cleanser,Lotus Herbals,Green,Women,Casual,Spring,2017,89.95,USD,sample/images/57796.jpg,true
58523,Wildcraft Unisex Yellow Travel Pouch,Wildcraft Unisex Yellow Travel Pouch is a yellow travel accessory from Wildcraft. It is a unisex design and suited to casual wear. Part of the summer season 2015 range. Listed under Accessories.,Accessories,Travel Accessory,Wildcraft,Yellow,Unisex,Casual,Summer,2015,20.49,USD,sample/images/58523.jpg,true
48523,French Connection Women Magenta Playsuit,French Connection Women Magenta Playsuit is a magenta jumpsuit from French Connection. It is designed for women and suited to casual wear. Part of the winter season 2011 range. Listed under Apparel.,Apparel,Jumpsuit,French Connection,Magenta,Women,Casual,Winter,2011,91.95,USD,sample/images/48523.jpg,true
37167,United Colors of Benetton Boys Check Grey Waistcoat,United Colors of Benetton Boys Check Grey Waistcoat is a grey waistcoat from United Colors of Benetton. It is designed for boys and suited to casual wear. Part of the summer season 2012 range. Listed under Apparel.,Apparel,Waistcoat,United Colors of Benetton,Grey,Boys,Casual,Summer,2012,69.99,USD,sample/images/37167.jpg,true
57619,Lotus Herbals Safe Sun Sunscreen SPF 40,Lotus Herbals Safe Sun Sunscreen SPF 40 is an orange sunscreen from Lotus Herbals. It is designed for women and suited to casual wear. Part of the spring season 2017 range. Listed under Personal Care.,Personal Care,Sunscreen,Lotus Herbals,Orange,Women,Casual,Spring,2017,62.95,USD,sample/images/57619.jpg,true
52477,Red Rose Black Nightdress,Red Rose Black Nightdress is a black baby doll. It is designed for women and suited to casual wear. Part of the winter season 2015 range. Listed under Apparel.,Apparel,Baby Dolls,,Black,Women,Casual,Winter,2015,47.99,USD,sample/images/52477.jpg,true
8426,Spalding Unisex NBA Team Raptors SZ7 Red Basketball,Spalding Unisex NBA Team Raptors SZ7 Red Basketball is a red basketball from Spalding. It is a unisex design and suited to sports wear. Part of the fall season 2011 range. Listed under Sporting Goods.,Sporting Goods,Basketballs,Spalding,Red,Unisex,Sports,Fall,2011,40.99,USD,sample/images/8426.jpg,true
37563,Madagascar3 Infant Boys White Snapsuit Romper,Madagascar3 Infant Boys White Snapsuit Romper is a white romper from Madagascar3. It is designed for girls and suited to casual wear. Part of the summer season 2012 range. Listed under Apparel.,Apparel,Rompers,Madagascar3,White,Girls,Casual,Summer,2012,55.49,USD,sample/images/37563.jpg,true
37539,Madagascar 3 Infants Boys White Booties,Madagascar 3 Infants Boys White Booties is a pair of white booties from Madagascar 3. It is designed for boys and suited to casual wear. Part of the summer season 2012 range. Listed under Apparel.,Apparel,Booties,Madagascar 3,White,Boys,Casual,Summer,2012,88.95,USD,sample/images/37539.jpg,true
55956,Colorbar Women Lash Illusion Mascara Duo DM001,Colorbar Women Lash Illusion Mascara Duo DM001 is a black mascara from Colorbar. It is designed for women and suited to casual wear. Part of the summer season 2019 range. Listed under Personal Care.,Personal Care,Mascara,Colorbar,Black,Women,Casual,Summer,2019,41.99,USD,sample/images/55956.jpg,true
2357,ADIDAS White Water Sipper,ADIDAS White Water Sipper is a white water bottle from ADIDAS. It is designed for men and suited to sports wear. Part of the fall season 2010 range. Listed under Accessories.,Accessories,Water Bottle,ADIDAS,White,Men,Sports,Fall,2010,65.99,USD,sample/images/2357.jpg,true
56180,Colorbar Soft Ivory Concealer 001,Colorbar Soft Ivory Concealer 001 is a skin concealer from Colorbar. It is designed for women and suited to casual wear. Part of the spring season 2017 range. Listed under Personal Care.,Personal Care,Concealer,Colorbar,Skin,Women,Casual,Spring,2017,83.99,USD,sample/images/56180.jpg,true
38962,Wildcraft Unisex Grey & Green Rucksack,Wildcraft Unisex Grey & Green Rucksack is a grey rucksack from Wildcraft. It is a unisex design and suited to travel wear. Part of the winter season 2018 range. Listed under Accessories.,Accessories,Rucksacks,Wildcraft,Grey,Unisex,Travel,Winter,2018,43.49,USD,sample/images/38962.jpg,true
57774,Lotus Herbals Frujuvenate Fruit Pack,Lotus Herbals Frujuvenate Fruit Pack is a white mask and peel from Lotus Herbals. It is designed for women and suited to casual wear. Part of the spring season 2017 range. Listed under Personal Care.,Personal Care,Mask and Peel,Lotus Herbals,White,Women,Casual,Spring,2017,75.99,USD,sample/images/57774.jpg,true
38976,Latin Quarters Black Tights,Latin Quarters Black Tights is a pair of black tights from Latin Quarters. It is designed for women and suited to casual wear. Part of the summer season 2012 range. Listed under Apparel.,Apparel,Tights,Latin Quarters,Black,Women,Casual,Summer,2012,89.49,USD,sample/images/38976.jpg,true
45102,Bwitch Women Black Xtra Slim Shapewear,Bwitch Women Black Xtra Slim Shapewear is a black shapewear from Bwitch. It is designed for women and suited to casual wear. Part of the winter season 2015 range. Listed under Apparel.,Apparel,Shapewear,Bwitch,Black,Women,Casual,Winter,2015,88.95,USD,sample/images/45102.jpg,true
31733,Reid & Taylor Men Charcoal Grey Blazer,Reid & Taylor Men Charcoal Grey Blazer is a black blazer from Reid & Taylor. It is designed for men and suited to formal wear. Part of the summer season 2012 range. Listed under Apparel.,Apparel,Blazers,Reid & Taylor,Black,Men,Formal,Summer,2012,27.99,USD,sample/images/31733.jpg,true
13670,Puma Unisex Liga XL Football,Puma Unisex Liga XL Football is a gold football from Puma. It is a unisex design and suited to casual wear. Part of the fall season 2011 range. Listed under Sporting Goods.,Sporting Goods,Footballs,Puma,Gold,Unisex,Casual,Fall,2011,15.95,USD,sample/images/13670.jpg,true
36752,Little Miss Girls Blazing Yellow Clothing Set,Little Miss Girls Blazing Yellow Clothing Set is a yellow clothing set from Little Miss. It is designed for girls and suited to casual wear. Part of the summer season 2012 range. Listed under Apparel.,Apparel,Clothing Set,Little Miss,Yellow,Girls,Casual,Summer,2012,90.95,USD,sample/images/36752.jpg,true
55202,Lakme Lip Love Hottie Lip Conditioner,Lakme Lip Love Hottie Lip Conditioner is a pink lip care from Lakme. It is designed for women and suited to casual wear. Part of the spring season 2017 range. Listed under Personal Care.,Personal Care,Lip Care,Lakme,Pink,Women,Casual,Spring,2017,65.49,USD,sample/images/55202.jpg,true
50383,Vishudh Women Printed Red Salwar and Dupatta,Vishudh Women Printed Red Salwar and Dupatta is a red salwar and dupatta from Vishudh. It is designed for women and suited to ethnic wear. Part of the summer season 2012 range. Listed under Apparel.,Apparel,Salwar and Dupatta,Vishudh,Red,Women,Ethnic,Summer,2012,81.49,USD,sample/images/50383.jpg,true
40122,ADIDAS Unisex Black Clima Chill Headband,ADIDAS Unisex Black Clima Chill Headband is a black headband from ADIDAS. It is a unisex design and suited to casual wear. Part of the summer season 2012 range. Listed under Accessories.,Accessories,Headband,ADIDAS,Black,Unisex,Casual,Summer,2012,21.99,USD,sample/images/40122.jpg,true
8933,Puma Unisex Fundamentals Pink Wristbands,Puma Unisex Fundamentals Pink Wristbands is a pink wristband from Puma. It is a unisex design and suited to casual wear. Part of the fall season 2011 range. Listed under Accessories.,Accessories,Wristbands,Puma,Pink,Unisex,Casual,Fall,2011,16.49,USD,sample/images/8933.jpg,true
59104,Just Natural Men Brown Rain Jacket,Just Natural Men Brown Rain Jacket is a brown rain jacket from Just Natural. It is designed for men and suited to casual wear. Part of the summer season 2012 range. Listed under Apparel.,Apparel,Rain Jacket,Just Natural,Brown,Men,Casual,Summer,2012,70.99,USD,sample/images/59104.jpg,true
54992,Femella Women Black & Beige Shrug,Femella Women Black & Beige Shrug is a beige shrug from Femella. It is designed for women and suited to casual wear. Part of the summer season 2012 range. Listed under Apparel.,Apparel,Shrug,Femella,Beige,Women,Casual,Summer,2012,59.95,USD,sample/images/54992.jpg,true
55836,Colorbar Nail Polish Remover,Colorbar Nail Polish Remover is a blue nail essential from Colorbar. It is designed for women and suited to casual wear. Part of the spring season 2017 range. Listed under Personal Care.,Personal Care,Nail Essentials,Colorbar,Blue,Women,Casual,Spring,2017,61.49,USD,sample/images/55836.jpg,true
19740,United Colors of Benetton Green Graphic Design Umbrella,United Colors of Benetton Green Graphic Design Umbrella is a green umbrella from United Colors of Benetton. It is designed for women and suited to casual wear. Part of the summer season 2012 range. Listed under Accessories.,Accessories,Umbrellas,United Colors of Benetton,Green,Women,Casual,Summer,2012,65.95,USD,sample/images/19740.jpg,true
30738,Fabindia Men Navy Blue Bhagalpur Nehru Jacket,Fabindia Men Navy Blue Bhagalpur Nehru Jacket is a navy blue nehru jacket from Fabindia. It is designed for men and suited to ethnic wear. Part of the summer season 2012 range. Listed under Apparel.,Apparel,Nehru Jackets,Fabindia,Navy Blue,Men,Ethnic,Summer,2012,62.95,USD,sample/images/30738.jpg,true
15190,Arrow Sport Men Solid Navy Blue Polo Tshirts,Arrow Sport Men Solid Navy Blue Polo Tshirts is a navy blue tshirt from Arrow. It is designed for men and suited to casual wear. Part of the fall season 2011 range. Listed under Apparel.,Apparel,Tshirts,Arrow,Navy Blue,Men,Casual,Fall,2011,39.99,USD,sample/images/15190.jpg,true
9726,Indian Terrain Men Arvis Blue Shirts,Indian Terrain Men Arvis Blue Shirts is a blue shirt from Indian Terrain. It is designed for men and suited to casual wear. Part of the fall season 2011 range. Listed under Apparel.,Apparel,Shirts,Indian Terrain,Blue,Men,Casual,Fall,2011,68.49,USD,sample/images/9726.jpg,true
54741,Vans Unisex Grey Shoes,Vans Unisex Grey Shoes is a pair of grey casual shoes from Vans. It is a unisex design and suited to casual wear. Part of the summer season 2012 range. Listed under Footwear.,Footwear,Casual Shoes,Vans,Grey,Unisex,Casual,Summer,2012,74.95,USD,sample/images/54741.jpg,true
36894,Fossil Women Green Chronograph Watch,Fossil Women Green Chronograph Watch is a green watch from Fossil. It is designed for women and suited to casual wear. Part of the winter season 2016 range. Listed under Accessories.,Accessories,Watches,Fossil,Green,Women,Casual,Winter,2016,89.95,USD,sample/images/36894.jpg,true
26696,Reebok Men White Active Sports Shoes,Reebok Men White Active Sports Shoes is a pair of white sports shoes from Reebok. It is designed for men and suited to sports wear. Part of the summer season 2012 range. Listed under Footwear.,Footwear,Sports Shoes,Reebok,White,Men,Sports,Summer,2012,56.49,USD,sample/images/26696.jpg,true
54571,Sushilas Women Printed Green Kurta,Sushilas Women Printed Green Kurta is a green kurta from Sushilas. It is designed for women and suited to ethnic wear. Part of the summer season 2012 range. Listed under Apparel.,Apparel,Kurtas,Sushilas,Green,Women,Ethnic,Summer,2012,49.95,USD,sample/images/54571.jpg,true
8490,Forever New Women White Lace  Top,Forever New Women White Lace Top is a white top from Forever New. It is designed for women and suited to casual wear. Part of the fall season 2011 range. Listed under Apparel.,Apparel,Tops,Forever New,White,Women,Casual,Fall,2011,52.49,USD,sample/images/8490.jpg,true
53651,Kiara Women Blue Handbag,Kiara Women Blue Handbag is a blue handbag from Kiara. It is designed for women and suited to casual wear. Part of the summer season 2012 range. Listed under Accessories.,Accessories,Handbags,Kiara,Blue,Women,Casual,Summer,2012,160.49,USD,sample/images/53651.jpg,true
39570,Catwalk Women Black Heels,Catwalk Women Black Heels is a pair of black heels from Catwalk. It is designed for women and suited to casual wear. Part of the winter season 2015 range. Listed under Footwear.,Footwear,Heels,Catwalk,Black,Women,Casual,Winter,2015,49.95,USD,sample/images/39570.jpg,true
28406,Idee Men Brown Sunglasses,Idee Men Brown Sunglasses is a pair of brown sunglasses from Idee. It is designed for men and suited to casual wear. Part of the winter season 2016 range. Listed under Accessories.,Accessories,Sunglasses,Idee,Brown,Men,Casual,Winter,2016,128.95,USD,sample/images/28406.jpg,true
27751,Bulchee Men Light Brown Wallet,Bulchee Men Light Brown Wallet is a brown wallet from Bulchee. It is designed for men and suited to casual wear. Part of the winter season 2015 range. Listed under Accessories.,Accessories,Wallets,Bulchee,Brown,Men,Casual,Winter,2015,49.95,USD,sample/images/27751.jpg,true
30247,Numero Uno Men Coffee Brown Flip Flop,Numero Uno Men Coffee Brown Flip Flop is a pair of coffee brown flip flops from Numero Uno. It is designed for men and suited to casual wear. Part of the summer season 2012 range. Listed under Footwear.,Footwear,Flip Flops,Numero Uno,Coffee Brown,Men,Casual,Summer,2012,24.95,USD,sample/images/30247.jpg,true
3835,Crocs Men Santa Cruz Clog Black Sandal,Crocs Men Santa Cruz Clog Black Sandal is a pair of black sandals from Crocs. It is designed for men and suited to casual wear. Part of the summer season 2011 range. Listed under Footwear.,Footwear,Sandals,Crocs,Black,Men,Casual,Summer,2011,65.95,USD,sample/images/3835.jpg,true
32143,Playboy Men Duet Pack of 2 Briefs,Playboy Men Duet Pack of 2 Briefs is a red brief from Playboy. It is designed for men and suited to casual wear. Part of the summer season 2016 range. Listed under Apparel.,Apparel,Briefs,Playboy,Red,Men,Casual,Summer,2016,83.95,USD,sample/images/32143.jpg,true
37065,Lino Perros Women Red Belt,Lino Perros Women Red Belt is a red belt from Lino Perros. It is designed for women and suited to casual wear. Part of the summer season 2012 range. Listed under Accessories.,Accessories,Belts,Lino Perros,Red,Women,Casual,Summer,2012,33.49,USD,sample/images/37065.jpg,true
36654,Paridhan Women Black Backpack,Paridhan Women Black Backpack is a black backpack from Paridhan. It is designed for women and suited to casual wear. Part of the summer season 2012 range. Listed under Accessories.,Accessories,Backpacks,Paridhan,Black,Women,Casual,Summer,2012,43.95,USD,sample/images/36654.jpg,true
51151,Raymond Men Grey Socks,Raymond Men Grey Socks is a pair of grey socks from Raymond. It is designed for men and suited to casual wear. Part of the summer season 2016 range. Listed under Accessories.,Accessories,Socks,Raymond,Grey,Men,Casual,Summer,2016,19.95,USD,sample/images/51151.jpg,true
15506,Rockport Men OC Plaintoe Black Formal Shoes,Rockport Men OC Plaintoe Black Formal Shoes is a pair of black formal shoes from Rockport. It is designed for men and suited to formal wear. Part of the fall season 2011 range. Listed under Footwear.,Footwear,Formal Shoes,Rockport,Black,Men,Formal,Fall,2011,153.99,USD,sample/images/15506.jpg,true
36937,Ralph Lauren Men Perfume,Ralph Lauren Men Perfume is an orange perfume and body mist from Ralph Lauren. It is designed for men and suited to casual wear. Part of the spring season 2017 range. Listed under Personal Care.,Personal Care,Perfume and Body Mist,Ralph Lauren,Orange,Men,Casual,Spring,2017,102.49,USD,sample/images/36937.jpg,true
31164,Gini and Jony Boys Blue Jeans,Gini and Jony Boys Blue Jeans is a pair of blue jeans from Gini and Jony. It is designed for boys and suited to casual wear. Part of the summer season 2012 range. Listed under Apparel.,Apparel,Jeans,Gini and Jony,Blue,Boys,Casual,Summer,2012,49.95,USD,sample/images/31164.jpg,true
19688,United Colors of Benetton Men Navy Blue Check Shorts,United Colors of Benetton Men Navy Blue Check Shorts is a pair of navy blue shorts from United Colors of Benetton. It is designed for men and suited to casual wear. Part of the fall season 2011 range. Listed under Apparel.,Apparel,Shorts,United Colors of Benetton,Navy Blue,Men,Casual,Fall,2011,40.95,USD,sample/images/19688.jpg,true
26818,Arrow Men Check Grey Trousers,Arrow Men Check Grey Trousers is a pair of grey trousers from Arrow. It is designed for men and suited to formal wear. Part of the summer season 2012 range. Listed under Apparel.,Apparel,Trousers,Arrow,Grey,Men,Formal,Summer,2012,105.95,USD,sample/images/26818.jpg,true
56999,HM Women Red Sandals,HM Women Red Sandals is a pair of red flats from HM. It is designed for women and suited to casual wear. Part of the winter season 2012 range. Listed under Footwear.,Footwear,Flats,HM,Red,Women,Casual,Winter,2012,66.49,USD,sample/images/56999.jpg,true
57340,Amante Green Full-Coverage Lace Bra BGDC02,Amante Green Full-Coverage Lace Bra BGDC02 is a green bra from Amante. It is designed for women and suited to casual wear. Part of the winter season 2015 range. Listed under Apparel.,Apparel,Bra,Amante,Green,Women,Casual,Winter,2015,16.95,USD,sample/images/57340.jpg,true
42217,Sepia Women Black Dress,Sepia Women Black Dress is a black dress from Sepia. It is designed for women and suited to party wear. Part of the summer season 2012 range. Listed under Apparel.,Apparel,Dresses,Sepia,Black,Women,Party,Summer,2012,69.49,USD,sample/images/42217.jpg,true
53031,FNF Printed Yellow Sari,FNF Printed Yellow Sari is a yellow saree from FNF. It is designed for women and suited to ethnic wear. Part of the fall season 2012 range. Listed under Apparel.,Apparel,Sarees,FNF,Yellow,Women,Ethnic,Fall,2012,183.99,USD,sample/images/53031.jpg,true
35315,Fabindia Women Anusuya Silver Earrings,Fabindia Women Anusuya Silver Earrings is a pair of silver earrings from Fabindia. It is designed for women and suited to ethnic wear. Part of the winter season 2016 range. Listed under Accessories.,Accessories,Earrings,Fabindia,Silver,Women,Ethnic,Winter,2016,44.99,USD,sample/images/35315.jpg,true
28250,Wild stone Men Hunt Deo,Wild stone Men Hunt Deo is a black deodorant from Wild stone. It is designed for men and suited to casual wear. Part of the spring season 2017 range. Listed under Personal Care.,Personal Care,Deodorant,Wild stone,Black,Men,Casual,Spring,2017,11.99,USD,sample/images/28250.jpg,true
38576,Nike Men Black Breakline Track Pants,Nike Men Black Breakline Track Pants is a pair of black track pants from Nike. It is designed for men and suited to casual wear. Part of the spring season 2013 range. Listed under Apparel.,Apparel,Track Pants,Nike,Black,Men,Casual,Spring,2013,72.49,USD,sample/images/38576.jpg,true
53080,Rocia Women Purple Clutch,Rocia Women Purple Clutch is a purple clutch from Rocia. It is designed for women and suited to casual wear. Part of the summer season 2012 range. Listed under Accessories.,Accessories,Clutches,Rocia,Purple,Women,Casual,Summer,2012,70.95,USD,sample/images/53080.jpg,true
15623,Nike Women AS Squad Fleece FZ Hoody Purple Sweatshirts,Nike Women AS Squad Fleece FZ Hoody Purple Sweatshirts is a purple sweatshirt from Nike. It is designed for women and suited to casual wear. Part of the fall season 2011 range. Listed under Apparel.,Apparel,Sweatshirts,Nike,Purple,Women,Casual,Fall,2011,50.99,USD,sample/images/15623.jpg,true
40743,Roxy Women Pink Cap,Roxy Women Pink Cap is a pink cap from Roxy. It is designed for women and suited to casual wear. Part of the winter season 2012 range. Listed under Accessories.,Accessories,Caps,Roxy,Pink,Women,Casual,Winter,2012,13.95,USD,sample/images/40743.jpg,true
49125,Deborah Shine Tech Ruibes Nail Polish 34,Deborah Shine Tech Ruibes Nail Polish 34 is a pink nail polish from Deborah. It is designed for women and suited to casual wear. Part of the spring season 2017 range. Listed under Personal Care.,Personal Care,Nail Polish,Deborah,Pink,Women,Casual,Spring,2017,15.99,USD,sample/images/49125.jpg,true
15182,Arrow Sport Men Stripes Green Sweaters,Arrow Sport Men Stripes Green Sweaters is a green sweater from Arrow. It is designed for men and suited to casual wear. Part of the fall season 2011 range. Listed under Apparel.,Apparel,Sweaters,Arrow,Green,Men,Casual,Fall,2011,99.49,USD,sample/images/15182.jpg,true
36366,Reid & Taylor Men Navy Blue Tie,Reid & Taylor Men Navy Blue Tie is a navy blue tie from Reid & Taylor. It is designed for men and suited to formal wear. Part of the summer season 2012 range. Listed under Accessories.,Accessories,Ties,Reid & Taylor,Navy Blue,Men,Formal,Summer,2012,37.95,USD,sample/images/36366.jpg,true
55987,Colorbar Velvet Matte Just Maroon Lipstick 45 M,Colorbar Velvet Matte Just Maroon Lipstick 45 M is a maroon lipstick from Colorbar. It is designed for women and suited to casual wear. Part of the spring season 2017 range. Listed under Personal Care.,Personal Care,Lipstick,Colorbar,Maroon,Women,Casual,Spring,2017,13.99,USD,sample/images/55987.jpg,true
15043,ADIDAS Men Solid Black Jackets,ADIDAS Men Solid Black Jackets is a black jacket from ADIDAS. It is designed for men and suited to sports wear. Part of the fall season 2011 range. Listed under Apparel.,Apparel,Jackets,ADIDAS,Black,Men,Sports,Fall,2011,69.95,USD,sample/images/15043.jpg,true
45664,Park Avenue Men Grey Innerwear T-Shirt,Park Avenue Men Grey Innerwear T-Shirt is a grey melange innerwear vest from Park Avenue. It is designed for men and suited to casual wear. Part of the summer season 2016 range. Listed under Apparel.,Apparel,Innerwear Vests,Park Avenue,Grey Melange,Men,Casual,Summer,2016,64.95,USD,sample/images/45664.jpg,true
35052,Fabindia Women Printed Beige Kurtis,Fabindia Women Printed Beige Kurtis is a beige kurtis from Fabindia. It is designed for women and suited to ethnic wear. Part of the summer season 2012 range. Listed under Apparel.,Apparel,Kurtis,Fabindia,Beige,Women,Ethnic,Summer,2012,65.95,USD,sample/images/35052.jpg,true
23441,Satya Paul Women Blue Printed Tunic,Satya Paul Women Blue Printed Tunic is a blue tunic from Satya Paul. It is designed for women and suited to casual wear. Part of the fall season 2011 range. Listed under Apparel.,Apparel,Tunics,Satya Paul,Blue,Women,Casual,Fall,2011,64.99,USD,sample/images/23441.jpg,true
52434,Red Rose Women Purple Nightdress,Red Rose Women Purple Nightdress is a purple nightdress. It is designed for women and suited to casual wear. Part of the summer season 2017 range. Listed under Apparel.,Apparel,Nightdress,,Purple,Women,Casual,Summer,2017,64.99,USD,sample/images/52434.jpg,true
54055,Myntra Women Rust Leggings,Myntra Women Rust Leggings is a pair of rust leggings from Myntra. It is designed for women and suited to casual wear. Part of the summer season 2012 range. Listed under Apparel.,Apparel,Leggings,Myntra,Rust,Women,Casual,Summer,2012,51.49,USD,sample/images/54055.jpg,true
48823,Lucera Women Silver Pendant with Chain,Lucera Women Silver Pendant with Chain is a silver pendant from Lucera. It is designed for women and suited to casual wear. Part of the summer season 2012 range. Listed under Accessories.,Accessories,Pendant,Lucera,Silver,Women,Casual,Summer,2012,71.95,USD,sample/images/48823.jpg,true
28458,Urban Yoga Women Blue Capris,Urban Yoga Women Blue Capris is a pair of blue capris from Urban Yoga. It is designed for women and suited to sports wear. Part of the summer season 2012 range. Listed under Apparel.,Apparel,Capris,Urban Yoga,Blue,Women,Sports,Summer,2012,67.95,USD,sample/images/28458.jpg,true
52308,ToniQ Women Multi Coloured Necklace,ToniQ Women Multi Coloured Necklace is a multi necklace and chain from ToniQ. It is designed for women and suited to casual wear. Part of the winter season 2016 range. Listed under Accessories.,Accessories,Necklace and Chains,ToniQ,Multi,Women,Casual,Winter,2016,41.99,USD,sample/images/52308.jpg,true
36283,SDL by Sweet Dreams Women Grey & Blue Night suits,SDL by Sweet Dreams Women Grey & Blue Night suits is a grey night suit from SDL by Sweet Dreams. It is designed for women and suited to casual wear. Part of the summer season 2017 range. Listed under Apparel.,Apparel,Night suits,SDL by Sweet Dreams,Grey,Women,Casual,Summer,2017,94.95,USD,sample/images/36283.jpg,true
28012,Jockey ZONE STRETCH Men Black Trunks US20,Jockey ZONE STRETCH Men Black Trunks US20 is a black trunk from Jockey. It is designed for men and suited to casual wear. Part of the winter season 2016 range. Listed under Apparel.,Apparel,Trunk,Jockey,Black,Men,Casual,Winter,2016,45.95,USD,sample/images/28012.jpg,true
18711,Arrow Woman Printed Brown Skirt,Arrow Woman Printed Brown Skirt is a brown skirt from Arrow. It is designed for women and suited to casual wear. Part of the fall season 2011 range. Listed under Apparel.,Apparel,Skirts,Arrow,Brown,Women,Casual,Fall,2011,58.95,USD,sample/images/18711.jpg,true
35097,Allen Solly Women Pink  Scarf,Allen Solly Women Pink Scarf is a pink scarve from Allen Solly. It is designed for women and suited to casual wear. Part of the winter season 2011 range. Listed under Accessories.,Accessories,Scarves,Allen Solly,Pink,Women,Casual,Winter,2011,51.99,USD,sample/images/35097.jpg,true
48967,Revv Men Steel Ring,Revv Men Steel Ring is a steel ring from Revv. It is designed for men and suited to casual wear. Part of the summer season 2012 range. Listed under Accessories.,Accessories,Ring,Revv,Steel,Men,Casual,Summer,2012,49.99,USD,sample/images/48967.jpg,true
50843,Fabindia Women Purple Dupatta,Fabindia Women Purple Dupatta is a purple dupatta from Fabindia. It is designed for women and suited to ethnic wear. Part of the summer season 2012 range. Listed under Apparel.,Apparel,Dupatta,Fabindia,Purple,Women,Ethnic,Summer,2012,55.95,USD,sample/images/50843.jpg,true
56112,Colorbar Yummy Plummy Lip Pot 015,Colorbar Yummy Plummy Lip Pot 015 is a purple lip gloss from Colorbar. It is designed for women and suited to casual wear. Part of the spring season 2017 range. Listed under Personal Care.,Personal Care,Lip Gloss,Colorbar,Purple,Women,Casual,Spring,2017,78.99,USD,sample/images/56112.jpg,true
39035,Belmonte Men Steel Bright Assorted Cufflinks,Belmonte Men Steel Bright Assorted Cufflinks is a pair of steel cufflinks from Belmonte. It is designed for men and suited to formal wear. Part of the summer season 2012 range. Listed under Accessories.,Accessories,Cufflinks,Belmonte,Steel,Men,Formal,Summer,2012,33.95,USD,sample/images/39035.jpg,true
17371,Arrow Men Formal Red Tie+Cufflink+Pocket square - Combo Pack,Arrow Men Formal Red Tie+Cufflink+Pocket square - Combo Pack is a red accessory gift set from Arrow. It is designed for men and suited to formal wear. Part of the fall season 2011 range. Listed under Accessories.,Accessories,Accessory Gift Set,Arrow,Red,Men,Formal,Fall,2011,51.99,USD,sample/images/17371.jpg,true
28968,Biba Women White Embroidered Churidar Kurta with Dupatta,Biba Women White Embroidered Churidar Kurta with Dupatta is a white kurta set from Biba. It is designed for women and suited to ethnic wear. Part of the summer season 2012 range. Listed under Apparel.,Apparel,Kurta Sets,Biba,White,Women,Ethnic,Summer,2012,96.95,USD,sample/images/28968.jpg,true
55255,Lakme Glide On Deep Teal Eye Color,Lakme Glide On Deep Teal Eye Color is a teal kajal and eyeliner from Lakme. It is designed for women and suited to casual wear. Part of the spring season 2017 range. Listed under Personal Care.,Personal Care,Kajal and Eyeliner,Lakme,Teal,Women,Casual,Spring,2017,56.49,USD,sample/images/55255.jpg,true
51092,Satya Paul Black and White Saree,Satya Paul Black and White Saree is a black free gift from Satya Paul. It is designed for women and suited to ethnic wear. Part of the summer season 2012 range. Listed under Free Items.,Free Items,Free Gifts,Satya Paul,Black,Women,Ethnic,Summer,2012,104.49,USD,sample/images/51092.jpg,true
12465,Basics Men Black Checked Stoles,Basics Men Black Checked Stoles is a black stole from Basics. It is designed for men and suited to casual wear. Part of the fall season 2011 range. Listed under Accessories.,Accessories,Stoles,Basics,Black,Men,Casual,Fall,2011,85.95,USD,sample/images/12465.jpg,true
39504,Peter England Unisex Black Duffle Bag,Peter England Unisex Black Duffle Bag is a black duffel bag from Peter England. It is a unisex design and suited to casual wear. Part of the summer season 2012 range. Listed under Accessories.,Accessories,Duffel Bag,Peter England,Black,Unisex,Casual,Summer,2012,49.49,USD,sample/images/39504.jpg,true
59557,Lucera Gold Plated Bangle,Lucera Gold Plated Bangle is a gold bangle from Lucera. It is designed for women and suited to casual wear. Part of the summer season 2013 range. Listed under Accessories.,Accessories,Bangle,Lucera,Gold,Women,Casual,Summer,2013,79.99,USD,sample/images/59557.jpg,true
51949,Yelloe Men Laptop Bag/Document Holder,Yelloe Men Laptop Bag/Document Holder is a brown laptop bag from Yelloe. It is designed for men and suited to casual wear. Part of the summer season 2012 range. Listed under Accessories.,Accessories,Laptop Bag,Yelloe,Brown,Men,Casual,Summer,2012,15.99,USD,sample/images/51949.jpg,true
56579,Streetwear Stay On Caramel Foundation,Streetwear Stay On Caramel Foundation is a skin foundation and primer from Streetwear. It is designed for women and suited to casual wear. Part of the spring season 2017 range. Listed under Personal Care.,Personal Care,Foundation and Primer,Streetwear,Skin,Women,Casual,Spring,2017,30.95,USD,sample/images/56579.jpg,true
4646,ADIDAS Men Grey and Navy Blue Sandal,ADIDAS Men Grey and Navy Blue Sandal is a pair of grey sports sandals from ADIDAS. It is designed for men and suited to casual wear. Part of the spring season 2013 range. Listed under Footwear.,Footwear,Sports Sandals,ADIDAS,Grey,Men,Casual,Spring,2013,92.95,USD,sample/images/4646.jpg,true
48583,Revv Men Steel Bracelet,Revv Men Steel Bracelet is a steel bracelet from Revv. It is designed for men and suited to casual wear. Part of the summer season 2012 range. Listed under Accessories.,Accessories,Bracelet,Revv,Steel,Men,Casual,Summer,2012,48.95,USD,sample/images/48583.jpg,true
27412,Jockey Women Charcoal Grey Lounge Pants,Jockey Women Charcoal Grey Lounge Pants is a pair of charcoal lounge pants from Jockey. It is designed for women and suited to casual wear. Part of the summer season 2018 range. Listed under Apparel.,Apparel,Lounge Pants,Jockey,Charcoal,Women,Casual,Summer,2018,17.49,USD,sample/images/27412.jpg,true
54842,Ivory Tag Women Rock Array Blue and Red Jewellery Set,Ivory Tag Women Rock Array Blue and Red Jewellery Set is a blue jewellery set from Ivory Tag. It is designed for women and suited to casual wear. Part of the fall season 2012 range. Listed under Accessories.,Accessories,Jewellery Set,Ivory Tag,Blue,Women,Casual,Fall,2012,139.99,USD,sample/images/54842.jpg,true
23545,Police Passion Men Fragrance Gift Set,Police Passion Men Fragrance Gift Set is a red fragrance gift set from Police. It is designed for men and suited to casual wear. Part of the spring season 2017 range. Listed under Personal Care.,Personal Care,Fragrance Gift Set,Police,Red,Men,Casual,Spring,2017,118.49,USD,sample/images/23545.jpg,true
53345,Smugglerz Men Orange Check Boxers,Smugglerz Men Orange Check Boxers is an orange boxer from Smugglerz. It is designed for men and suited to casual wear. Part of the summer season 2016 range. Listed under Apparel.,Apparel,Boxers,Smugglerz,Orange,Men,Casual,Summer,2016,75.49,USD,sample/images/53345.jpg,true
20556,Baggit Women Parinacrush Olive Mobile Pouch,Baggit Women Parinacrush Olive Mobile Pouch is an olive mobile pouch from Baggit. It is designed for women and suited to casual wear. Part of the winter season 2015 range. Listed under Accessories.,Accessories,Mobile Pouch,Baggit,Olive,Women,Casual,Winter,2015,61.49,USD,sample/images/20556.jpg,true
55318,Revlon Touch & Glow Advanced Fairness Oil-Free Instant Mattifying Cream,Revlon Touch & Glow Advanced Fairness Oil-Free Instant Mattifying Cream is a pink face moisturiser from Revlon. It is designed for women and suited to casual wear. Part of the spring season 2017 range. Listed under Personal Care.,Personal Care,Face Moisturisers,Revlon,Pink,Women,Casual,Spring,2017,17.99,USD,sample/images/55318.jpg,true
57708,Lotus Herbals Seduction Red Fire Lip Contour Definer 52,Lotus Herbals Seduction Red Fire Lip Contour Definer 52 is a red lip liner from Lotus Herbals. It is designed for women and suited to casual wear. Part of the spring season 2017 range. Listed under Personal Care.,Personal Care,Lip Liner,Lotus Herbals,Red,Women,Casual,Spring,2017,26.95,USD,sample/images/57708.jpg,true
18796,Peter England Unisex Casual Olive Bag,Peter England Unisex Casual Olive Bag is an olive messenger bag from Peter England. It is a unisex design and suited to casual wear. Part of the fall season 2010 range. Listed under Accessories.,Accessories,Messenger Bag,Peter England,Olive,Unisex,Casual,Fall,2010,45.49,USD,sample/images/18796.jpg,true
25760,Lino Perros Men Black Suspenders,Lino Perros Men Black Suspenders is a black suspender from Lino Perros. It is designed for men and suited to formal wear. Part of the summer season 2012 range. Listed under Apparel.,Apparel,Suspenders,Lino Perros,Black,Men,Formal,Summer,2012,69.49,USD,sample/images/25760.jpg,true
27469,Jockey Black Camisole,Jockey Black Camisole is a black camisole from Jockey. It is designed for women and suited to casual wear. Part of the fall season 2015 range. Listed under Apparel.,Apparel,Camisoles,Jockey,Black,Women,Casual,Fall,2015,43.95,USD,sample/images/27469.jpg,true
56182,ColorBar Dusk Triple Act Compact 003,ColorBar Dusk Triple Act Compact 003 is a skin compact from ColorBar. It is designed for women and suited to casual wear. Part of the spring season 2017 range. Listed under Personal Care.,Personal Care,Compact,ColorBar,Skin,Women,Casual,Spring,2017,43.49,USD,sample/images/56182.jpg,true
17386,Reid & Taylor Men Solid Black Muffler,Reid & Taylor Men Solid Black Muffler is a black muffler from Reid & Taylor. It is designed for men and suited to casual wear. Part of the fall season 2011 range. Listed under Accessories.,Accessories,Mufflers,Reid & Taylor,Black,Men,Casual,Fall,2011,65.49,USD,sample/images/17386.jpg,true
56125,Colorbar Tab Paparazzi Bronze Touch & Blushe 002,Colorbar Tab Paparazzi Bronze Touch & Blushe 002 is a bronze highlighter and blush from Colorbar. It is designed for women and suited to casual wear. Part of the spring season 2017 range. Listed under Personal Care.,Personal Care,Highlighter and Blush,Colorbar,Bronze,Women,Casual,Spring,2017,69.99,USD,sample/images/56125.jpg,true
47070,Shree Women Beige & Blue Patiala,Shree Women Beige & Blue Patiala is a beige patiala from Shree. It is designed for women and suited to ethnic wear. Part of the fall season 2012 range. Listed under Apparel.,Apparel,Patiala,Shree,Beige,Women,Ethnic,Fall,2012,45.49,USD,sample/images/47070.jpg,true
27409,Jockey Women Navy Blue Capris,Jockey Women Navy Blue Capris is a pair of navy blue lounge shorts from Jockey. It is designed for women and suited to casual wear. Part of the winter season 2015 range. Listed under Apparel.,Apparel,Lounge Shorts,Jockey,Navy Blue,Women,Casual,Winter,2015,77.95,USD,sample/images/27409.jpg,true
57212,Kraus Jeans Women Blue Jeggings,Kraus Jeans Women Blue Jeggings is a blue jegging from Kraus. It is designed for women and suited to casual wear. Part of the fall season 2012 range. Listed under Apparel.,Apparel,Jeggings,Kraus,Blue,Women,Casual,Fall,2012,16.49,USD,sample/images/57212.jpg,true
20037,United Colors Of Benetton Women Black Tights,United Colors Of Benetton Women Black Tights is a pair of black stockings from United Colors Of Benetton. It is designed for women and suited to casual wear. Part of the fall season 2011 range. Listed under Apparel.,Apparel,Stockings,United Colors Of Benetton,Black,Women,Casual,Fall,2011,54.99,USD,sample/images/20037.jpg,true
55535,Revlon Custom Eyes Smoky Sexy Eye Shadow 035,Revlon Custom Eyes Smoky Sexy Eye Shadow 035 is a multi eyeshadow from Revlon. It is designed for women and suited to casual wear. Part of the spring season 2017 range. Listed under Personal Care.,Personal Care,Eyeshadow,Revlon,Multi,Women,Casual,Spring,2017,26.99,USD,sample/images/55535.jpg,true
30729,Fabindia Girls Printed Blue Salwar,Fabindia Girls Printed Blue Salwar is a blue salwar from Fabindia. It is designed for girls and suited to ethnic wear. Part of the summer season 2012 range. Listed under Apparel.,Apparel,Salwar,Fabindia,Blue,Girls,Ethnic,Summer,2012,19.95,USD,sample/images/30729.jpg,true
35035,Fabindia Women Red Churidar,Fabindia Women Red Churidar is a red churidar from Fabindia. It is designed for women and suited to ethnic wear. Part of the summer season 2012 range. Listed under Apparel.,Apparel,Churidar,Fabindia,Red,Women,Ethnic,Summer,2012,80.49,USD,sample/images/35035.jpg,true
26321,Proline Men Black Tracksuit,Proline Men Black Tracksuit is a black tracksuit from Proline. It is designed for men and suited to sports wear. Part of the fall season 2013 range. Listed under Apparel.,Apparel,Tracksuits,Proline,Black,Men,Sports,Fall,2013,55.95,USD,sample/images/26321.jpg,true
37578,Madagascar 3 Infant Girls Light Green Mittens,Madagascar 3 Infant Girls Light Green Mittens is a pair of green gloves from Madagascar 3 Infant. It is designed for girls and suited to casual wear. Part of the summer season 2012 range. Listed under Accessories.,Accessories,Gloves,Madagascar 3 Infant,Green,Girls,Casual,Summer,2012,50.99,USD,sample/images/37578.jpg,true
55329,Revlon Colorsilk 1WN Soft Black Hair Colour,Revlon Colorsilk 1WN Soft Black Hair Colour is a black hair colour from Revlon. It is designed for women and suited to casual wear. Part of the spring season 2017 range. Listed under Personal Care.,Personal Care,Hair Colour,Revlon,Black,Women,Casual,Spring,2017,75.49,USD,sample/images/55329.jpg,true
52510,Red Rose Women White & Pink Striped Bath Robes,Red Rose Women White & Pink Striped Bath Robes is a white bath robe. It is designed for women and suited to casual wear. Part of the winter season 2015 range. Listed under Apparel.,Apparel,Bath Robe,,White,Women,Casual,Winter,2015,71.95,USD,sample/images/52510.jpg,true
2188,ADIDAS Women Stripe Black Swimming Cap,ADIDAS Women Stripe Black Swimming Cap is a black swimwear from ADIDAS. It is designed for women and suited to sports wear. Part of the summer season 2016 range. Listed under Apparel.,Apparel,Swimwear,ADIDAS,Black,Women,Sports,Summer,2016,71.99,USD,sample/images/2188.jpg,true
26693,Wildcraft Unisex Casual Black Waist Pouch,Wildcraft Unisex Casual Black Waist Pouch is a black waist pouch from Wildcraft. It is a unisex design and suited to casual wear. Part of the winter season 2015 range. Listed under Accessories.,Accessories,Waist Pouch,Wildcraft,Black,Unisex,Casual,Winter,2015,38.99,USD,sample/images/26693.jpg,true
56634,Olay Women Total Effects 7 in 1 Foaming Cleanser,Olay Women Total Effects 7 in 1 Foaming Cleanser is a black face wash and cleanser from Olay. It is designed for women and suited to casual wear. Part of the spring season 2017 range. Listed under Personal Care.,Personal Care,Face Wash and Cleanser,Olay,Black,Women,Casual,Spring,2017,63.49,USD,sample/images/56634.jpg,true
51320,Wildcraft Unisex Black Travel Pouch,Wildcraft Unisex Black Travel Pouch is a black travel accessory from Wildcraft. It is a unisex design and suited to casual wear. Part of the summer season 2010 range. Listed under Accessories.,Accessories,Travel Accessory,Wildcraft,Black,Unisex,Casual,Summer,2010,28.95,USD,sample/images/51320.jpg,true
43655,ONLY Women Multi Coloured Short Jumpsuit,ONLY Women Multi Coloured Short Jumpsuit is a multi jumpsuit from ONLY. It is designed for women and suited to casual wear. Part of the summer season 2012 range. Listed under Apparel.,Apparel,Jumpsuit,ONLY,Multi,Women,Casual,Summer,2012,41.95,USD,sample/images/43655.jpg,true
57081,Elle Women Blue Waistcoat,Elle Women Blue Waistcoat is a blue waistcoat from Elle. It is designed for women and suited to casual wear. Part of the summer season 2012 range. Listed under Apparel.,Apparel,Waistcoat,Elle,Blue,Women,Casual,Summer,2012,65.49,USD,sample/images/57081.jpg,true
57862,Biotique Women Bio Sandalwood SPF 50 Sunscreen,Biotique Women Bio Sandalwood SPF 50 Sunscreen is a yellow sunscreen from Biotique. It is designed for women and suited to casual wear. Part of the spring season 2017 range. Listed under Personal Care.,Personal Care,Sunscreen,Biotique,Yellow,Women,Casual,Spring,2017,75.49,USD,sample/images/57862.jpg,true
52479,Red Rose White Nightdress,Red Rose White Nightdress is a white baby doll. It is designed for women and suited to casual wear. Part of the winter season 2015 range. Listed under Apparel.,Apparel,Baby Dolls,,White,Women,Casual,Winter,2015,44.99,USD,sample/images/52479.jpg,true
2356,ADIDAS Black & White Unisex Basketball,ADIDAS Black & White Unisex Basketball is a black basketball from ADIDAS. It is a unisex design and suited to sports wear. Part of the winter season 2010 range. Listed under Sporting Goods.,Sporting Goods,Basketballs,ADIDAS,Black,Unisex,Sports,Winter,2010,82.99,USD,sample/images/2356.jpg,true
37585,Madagascar3 Infant Girls White Snapsuit Romper,Madagascar3 Infant Girls White Snapsuit Romper is a white romper from Madagascar3. It is designed for girls and suited to casual wear. Part of the summer season 2012 range. Listed under Apparel.,Apparel,Rompers,Madagascar3,White,Girls,Casual,Summer,2012,89.95,USD,sample/images/37585.jpg,true
37551,Madagascar 3 Infant Girls White Booties,Madagascar 3 Infant Girls White Booties is a pair of white booties from Madagascar 3 Infant. It is designed for girls and suited to casual wear. Part of the summer season 2012 range. Listed under Apparel.,Apparel,Booties,Madagascar 3 Infant,White,Girls,Casual,Summer,2012,45.95,USD,sample/images/37551.jpg,true
56543,Streetwear Sheer Mascara,Streetwear Sheer Mascara is a white mascara from Streetwear. It is designed for women and suited to casual wear. Part of the spring season 2017 range. Listed under Personal Care.,Personal Care,Mascara,Streetwear,White,Women,Casual,Spring,2017,49.99,USD,sample/images/56543.jpg,true
1596,Quechua Easy-to-Carry Pink Sipper,Quechua Easy-to-Carry Pink Sipper is a pink water bottle from Quechua. It is designed for men and suited to sports wear. Part of the fall season 2010 range. Listed under Accessories.,Accessories,Water Bottle,Quechua,Pink,Men,Sports,Fall,2010,76.99,USD,sample/images/1596.jpg,true
55572,Revlon Photo Ready Medium Deep Concealer 005,Revlon Photo Ready Medium Deep Concealer 005 is a skin concealer from Revlon. It is designed for women and suited to casual wear. Part of the spring season 2017 range. Listed under Personal Care.,Personal Care,Concealer,Revlon,Skin,Women,Casual,Spring,2017,23.49,USD,sample/images/55572.jpg,true
4601,Wildcraft Unisex Blue & Grey Rucksack,Wildcraft Unisex Blue & Grey Rucksack is a blue rucksack from Wildcraft. It is a unisex design and suited to travel wear. Part of the winter season 2015 range. Listed under Accessories.,Accessories,Rucksacks,Wildcraft,Blue,Unisex,Travel,Winter,2015,31.49,USD,sample/images/4601.jpg,true
57886,Biotique Bio Milk Protein Whitening & Rejuvenating Face Pack,Biotique Bio Milk Protein Whitening & Rejuvenating Face Pack is a green mask and peel from Biotique Bio. It is designed for women and suited to casual wear. Part of the spring season 2017 range. Listed under Personal Care.,Personal Care,Mask and Peel,Biotique Bio,Green,Women,Casual,Spring,2017,30.49,USD,sample/images/57886.jpg,true
37893,Happy Socks Women Striped Tights,Happy Socks Women Striped Tights is a pair of multi tights from Happy. It is designed for women and suited to casual wear. Part of the summer season 2012 range. Listed under Apparel.,Apparel,Tights,Happy,Multi,Women,Casual,Summer,2012,75.95,USD,sample/images/37893.jpg,true
59756,Avirate White Wired Corset Shapewear,Avirate White Wired Corset Shapewear is a white shapewear from Avirate. It is designed for women and suited to casual wear. Part of the summer season 2012 range. Listed under Apparel.,Apparel,Shapewear,Avirate,White,Women,Casual,Summer,2012,26.99,USD,sample/images/59756.jpg,true
31742,Reid & Taylor Men Semi Formal Black Blazer,Reid & Taylor Men Semi Formal Black Blazer is a black blazer from Reid & Taylor. It is designed for men and suited to formal wear. Part of the summer season 2012 range. Listed under Apparel.,Apparel,Blazers,Reid & Taylor,Black,Men,Formal,Summer,2012,38.99,USD,sample/images/31742.jpg,true
1552,Puma Power Cat Trainer-WR Football,Puma Power Cat Trainer-WR Football is a white football from Puma. It is a unisex design and suited to sports wear. Part of the fall season 2010 range. Listed under Sporting Goods.,Sporting Goods,Footballs,Puma,White,Unisex,Sports,Fall,2010,86.95,USD,sample/images/1552.jpg,true
36747,Mr.Men Boys I Am Sleeping White Clothing Set,Mr.Men Boys I Am Sleeping White Clothing Set is a white clothing set from Mr.Men. It is designed for boys and suited to casual wear. Part of the summer season 2012 range. Listed under Apparel.,Apparel,Clothing Set,Mr.Men,White,Boys,Casual,Summer,2012,75.95,USD,sample/images/36747.jpg,true
55201,Lakme Lip Love Siren Lip Conditioner,Lakme Lip Love Siren Lip Conditioner is a pink lip care from Lakme. It is designed for women and suited to casual wear. Part of the spring season 2017 range. Listed under Personal Care.,Personal Care,Lip Care,Lakme,Pink,Women,Casual,Spring,2017,90.95,USD,sample/images/55201.jpg,true
50386,Vishudh Women Turquoise Blue Salwar and Dupatta,Vishudh Women Turquoise Blue Salwar and Dupatta is a turquoise blue salwar and dupatta from Vishudh. It is designed for women and suited to ethnic wear. Part of the summer season 2012 range. Listed under Apparel.,Apparel,Salwar and Dupatta,Vishudh,Turquoise Blue,Women,Ethnic,Summer,2012,87.49,USD,sample/images/50386.jpg,true
44662,Nike Unisex White Swoosh Headband,Nike Unisex White Swoosh Headband is a white headband from Nike. It is a unisex design and suited to casual wear. Part of the summer season 2012 range. Listed under Accessories.,Accessories,Headband,Nike,White,Unisex,Casual,Summer,2012,18.49,USD,sample/images/44662.jpg,true
53357,Puma Unisex Pack of 2 Red Wristband,Puma Unisex Pack of 2 Red Wristband is a red wristband from Puma. It is a unisex design and suited to sports wear. Part of the fall season 2013 range. Listed under Accessories.,Accessories,Wristbands,Puma,Red,Unisex,Sports,Fall,2013,79.99,USD,sample/images/53357.jpg,true
51331,Wildcraft Men Black Rain Cheater'13,Wildcraft Men Black Rain Cheater'13 is a black rain jacket from Wildcraft. It is designed for men and suited to casual wear. Part of the summer season 2015 range. Listed under Apparel.,Apparel,Rain Jacket,Wildcraft,Black,Men,Casual,Summer,2015,59.95,USD,sample/images/51331.jpg,true
58158,Latin Quarters Women Maroon Shrug,Latin Quarters Women Maroon Shrug is a maroon shrug from Latin Quarters. It is designed for women and suited to casual wear. Part of the fall season 2012 range. Listed under Apparel.,Apparel,Shrug,Latin Quarters,Maroon,Women,Casual,Fall,2012,29.99,USD,sample/images/58158.jpg,true
55835,Colorbar Acetone Free Nail Enamel Remover,Colorbar Acetone Free Nail Enamel Remover is a white nail essential from Colorbar. It is designed for women and suited to casual wear. Part of the summer season 2019 range. Listed under Personal Care.,Personal Care,Nail Essentials,Colorbar,White,Women,Casual,Summer,2019,78.99,USD,sample/images/55835.jpg,true
14874,United Colors of Benetton Women Stripes Purple Umbrellas,United Colors of Benetton Women Stripes Purple Umbrellas is a purple umbrella from United Colors of Benetton. It is designed for women and suited to casual wear. Part of the summer season 2011 range. Listed under Accessories.,Accessories,Umbrellas,United Colors of Benetton,Purple,Women,Casual,Summer,2011,21.95,USD,sample/images/14874.jpg,true
3989,Mr.Men Men's Surfer Chilly Pepper Maroon T-shirt,Mr.Men Men's Surfer Chilly Pepper Maroon T-shirt is a maroon tshirt from Mr.Men Men's. It is designed for men and suited to casual wear. Part of the summer season 2011 range. Listed under Apparel.,Apparel,Tshirts,Mr.Men Men's,Maroon,Men,Casual,Summer,2011,19.49,USD,sample/images/3989.jpg,true
8193,Locomotive Men Solid Poplin Lamar Blue Shirts,Locomotive Men Solid Poplin Lamar Blue Shirts is a blue shirt from Locomotive. It is designed for men and suited to casual wear. Part of the summer season 2011 range. Listed under Apparel.,Apparel,Shirts,Locomotive,Blue,Men,Casual,Summer,2011,71.95,USD,sample/images/8193.jpg,true
44237,Nike Women White and Green Sneakers,Nike Women White and Green Sneakers is a pair of green casual shoes from Nike. It is designed for women and suited to casual wear. Part of the summer season 2012 range. Listed under Footwear.,Footwear,Casual Shoes,Nike,Green,Women,Casual,Summer,2012,80.95,USD,sample/images/44237.jpg,true
21688,Fossil Women Silver-Toned Dial Watch ES1869,Fossil Women Silver-Toned Dial Watch ES1869 is a silver watch from Fossil. It is designed for women and suited to casual wear. Part of the summer season 2016 range. Listed under Accessories.,Accessories,Watches,Fossil,Silver,Women,Casual,Summer,2016,186.95,USD,sample/images/21688.jpg,true
4638,ADIDAS Women Phantom Low Pink Grey White Shoe,ADIDAS Women Phantom Low Pink Grey White Shoe is a pair of white sports shoes from ADIDAS. It is designed for women and suited to sports wear. Part of the summer season 2011 range. Listed under Footwear.,Footwear,Sports Shoes,ADIDAS,White,Women,Sports,Summer,2011,73.95,USD,sample/images/4638.jpg,true
25833,Diva Women Printed Pink Kurta,Diva Women Printed Pink Kurta is a pink kurta from Diva. It is designed for women and suited to ethnic wear. Part of the summer season 2012 range. Listed under Apparel.,Apparel,Kurtas,Diva,Pink,Women,Ethnic,Summer,2012,69.99,USD,sample/images/25833.jpg,true
29275,Wrangler Women Star Red Top,Wrangler Women Star Red Top is a red top from Wrangler. It is designed for women and suited to casual wear. Part of the summer season 2012 range. Listed under Apparel.,Apparel,Tops,Wrangler,Red,Women,Casual,Summer,2012,27.49,USD,sample/images/29275.jpg,true
25268,Lino Perros Women Red & Grey Checks Handbag,Lino Perros Women Red & Grey Checks Handbag is a red handbag from Lino Perros. It is designed for women and suited to casual wear. Part of the summer season 2012 range. Listed under Accessories.,Accessories,Handbags,Lino Perros,Red,Women,Casual,Summer,2012,120.99,USD,sample/images/25268.jpg,true
51760,Catwalk Women Grey Peep Toes,Catwalk Women Grey Peep Toes is a pair of grey heels from Catwalk. It is designed for women and suited to casual wear. Part of the winter season 2015 range. Listed under Footwear.,Footwear,Heels,Catwalk,Grey,Women,Casual,Winter,2015,39.49,USD,sample/images/51760.jpg,true
28392,Idee Women Casual Black Sunglasses,Idee Women Casual Black Sunglasses is a pair of black sunglasses from Idee. It is designed for women and suited to casual wear. Part of the winter season 2016 range. Listed under Accessories.,Accessories,Sunglasses,Idee,Black,Women,Casual,Winter,2016,71.49,USD,sample/images/28392.jpg,true
36907,Fossil Men Brown Carson Wallet,Fossil Men Brown Carson Wallet is a brown wallet from Fossil. It is designed for men and suited to casual wear. Part of the winter season 2016 range. Listed under Accessories.,Accessories,Wallets,Fossil,Brown,Men,Casual,Winter,2016,30.49,USD,sample/images/36907.jpg,true
15392,FILA Men Cage Navy Blue Slippers,FILA Men Cage Navy Blue Slippers is a pair of navy blue flip flops from FILA. It is designed for men and suited to casual wear. Part of the summer season 2012 range. Listed under Footwear.,Footwear,Flip Flops,FILA,Navy Blue,Men,Casual,Summer,2012,15.99,USD,sample/images/15392.jpg,true
44554,Coolers Men Black Sandals,Coolers Men Black Sandals is a pair of black sandals from Coolers. It is designed for men and suited to casual wear. Part of the summer season 2012 range. Listed under Footwear.,Footwear,Sandals,Coolers,Black,Men,Casual,Summer,2012,57.95,USD,sample/images/44554.jpg,true
27488,Jockey Women Red Bikini Briefs,Jockey Women Red Bikini Briefs is a red brief from Jockey. It is designed for women and suited to casual wear. Part of the winter season 2015 range. Listed under Apparel.,Apparel,Briefs,Jockey,Red,Women,Casual,Winter,2015,88.99,USD,sample/images/27488.jpg,true
51764,Hidedge Men Black Leather Belt,Hidedge Men Black Leather Belt is a black belt from Hidedge. It is designed for men and suited to formal wear. Part of the summer season 2012 range. Listed under Accessories.,Accessories,Belts,Hidedge,Black,Men,Formal,Summer,2012,27.49,USD,sample/images/51764.jpg,true
30201,Nike Unisex Classic Turf Black Backpack,Nike Unisex Classic Turf Black Backpack is a black backpack from Nike. It is a unisex design and suited to casual wear. Part of the summer season 2012 range. Listed under Accessories.,Accessories,Backpacks,Nike,Black,Unisex,Casual,Summer,2012,74.49,USD,sample/images/30201.jpg,true
40121,ADIDAS Unisex Pack of 3 Socks,ADIDAS Unisex Pack of 3 Socks is a pair of white socks from ADIDAS. It is a unisex design and suited to casual wear. Part of the summer season 2012 range. Listed under Accessories.,Accessories,Socks,ADIDAS,White,Unisex,Casual,Summer,2012,9.99,USD,sample/images/40121.jpg,true
7237,Rockport Men's Slate Taupe Fabric Shoe,Rockport Men's Slate Taupe Fabric Shoe is a pair of beige formal shoes from Rockport. It is designed for men and suited to formal wear. Part of the fall season 2011 range. Listed under Footwear.,Footwear,Formal Shoes,Rockport,Beige,Men,Formal,Fall,2011,180.95,USD,sample/images/7237.jpg,true
37908,RNC Unisex Lavande Perfume,RNC Unisex Lavande Perfume is a gold perfume and body mist from RNC. It is a unisex design and suited to casual wear. Part of the spring season 2017 range. Listed under Personal Care.,Personal Care,Perfume and Body Mist,RNC,Gold,Unisex,Casual,Spring,2017,49.99,USD,sample/images/37908.jpg,true
40926,Gini and Jony Boys Comics Blue Jeans,Gini and Jony Boys Comics Blue Jeans is a pair of blue jeans from Gini and Jony. It is designed for boys and suited to casual wear. Part of the summer season 2012 range. Listed under Apparel.,Apparel,Jeans,Gini and Jony,Blue,Boys,Casual,Summer,2012,77.49,USD,sample/images/40926.jpg,true
1997,Puma Men's Grey Sports Shorts,Puma Men's Grey Sports Shorts is a pair of grey shorts from Puma. It is designed for men and suited to sports wear. Part of the fall season 2010 range. Listed under Apparel.,Apparel,Shorts,Puma,Grey,Men,Sports,Fall,2010,20.95,USD,sample/images/1997.jpg,true
11329,United Colors of Benetton Men Solid Grey Trousers,United Colors of Benetton Men Solid Grey Trousers is a pair of grey trousers from United Colors of Benetton. It is designed for men and suited to casual wear. Part of the fall season 2011 range. Listed under Apparel.,Apparel,Trousers,United Colors of Benetton,Grey,Men,Casual,Fall,2011,50.99,USD,sample/images/11329.jpg,true
42725,Rocia Women Black Sandals,Rocia Women Black Sandals is a pair of black flats from Rocia. It is designed for women and suited to casual wear. Part of the winter season 2012 range. Listed under Footwear.,Footwear,Flats,Rocia,Black,Women,Casual,Winter,2012,76.49,USD,sample/images/42725.jpg,true
17466,Beyouty Women Zena BR 01 White Bra,Beyouty Women Zena BR 01 White Bra is a white bra from Beyouty. It is designed for women and suited to casual wear. Part of the summer season 2017 range. Listed under Apparel.,Apparel,Bra,Beyouty,White,Women,Casual,Summer,2017,19.95,USD,sample/images/17466.jpg,true
33976,Femella Women Check Navy Blue Dress,Femella Women Check Navy Blue Dress is a navy blue dress from Femella. It is designed for women and suited to casual wear. Part of the summer season 2012 range. Listed under Apparel.,Apparel,Dresses,Femella,Navy Blue,Women,Casual,Summer,2012,78.99,USD,sample/images/33976.jpg,true
52919,FNF White Printed Sari,FNF White Printed Sari is a white saree from FNF. It is designed for women and suited to ethnic wear. Part of the fall season 2012 range. Listed under Apparel.,Apparel,Sarees,FNF,White,Women,Ethnic,Fall,2012,144.95,USD,sample/images/52919.jpg,true
31720,Fabindia Girls Anusuya Silver Earrings,Fabindia Girls Anusuya Silver Earrings is a pair of silver earrings from Fabindia. It is designed for girls and suited to ethnic wear. Part of the summer season 2012 range. Listed under Accessories.,Accessories,Earrings,Fabindia,Silver,Girls,Ethnic,Summer,2012,56.99,USD,sample/images/31720.jpg,true
46292,Jacques M Women Oceania Deo,Jacques M Women Oceania Deo is a blue deodorant from Jacques M. It is designed for women and suited to casual wear. Part of the spring season 2017 range. Listed under Personal Care.,Personal Care,Deodorant,Jacques M,Blue,Women,Casual,Spring,2017,24.49,USD,sample/images/46292.jpg,true
23870,ADIDAS Men Black  Track Pant,ADIDAS Men Black Track Pant is a pair of black track pants from ADIDAS. It is designed for men and suited to casual wear. Part of the fall season 2011 range. Listed under Apparel.,Apparel,Track Pants,ADIDAS,Black,Men,Casual,Fall,2011,67.95,USD,sample/images/23870.jpg,true
49533,Rocia Women Gold Clutch,Rocia Women Gold Clutch is a gold clutch from Rocia. It is designed for women and suited to casual wear. Part of the summer season 2012 range. Listed under Accessories.,Accessories,Clutches,Rocia,Gold,Women,Casual,Summer,2012,27.99,USD,sample/images/49533.jpg,true
14113,Flying Machine Men Printed Olive Sweatshirts,Flying Machine Men Printed Olive Sweatshirts is an olive sweatshirt from Flying Machine. It is designed for men and suited to casual wear. Part of the fall season 2011 range. Listed under Apparel.,Apparel,Sweatshirts,Flying Machine,Olive,Men,Casual,Fall,2011,35.49,USD,sample/images/14113.jpg,true
25022,Nike Unisex Grey Tennis Cap,Nike Unisex Grey Tennis Cap is a grey cap from Nike. It is a unisex design and suited to sports wear. Part of the summer season 2012 range. Listed under Accessories.,Accessories,Caps,Nike,Grey,Unisex,Sports,Summer,2012,31.99,USD,sample/images/25022.jpg,true
55120,Lakme Truewear Color Crush Nail Polish 20,Lakme Truewear Color Crush Nail Polish 20 is a pink nail polish from Lakme. It is designed for women and suited to casual wear. Part of the spring season 2017 range. Listed under Personal Care.,Personal Care,Nail Polish,Lakme,Pink,Women,Casual,Spring,2017,7.99,USD,sample/images/55120.jpg,true
19522,United Colors of Benetton Men Check Navy Blue Sweater,United Colors of Benetton Men Check Navy Blue Sweater is a navy blue sweater from United Colors of Benetton. It is designed for men and suited to casual wear. Part of the fall season 2011 range. Listed under Apparel.,Apparel,Sweaters,United Colors of Benetton,Navy Blue,Men,Casual,Fall,2011,65.95,USD,sample/images/19522.jpg,true
19223,United Colors of Benetton Men Check Blue Tie,United Colors of Benetton Men Check Blue Tie is a blue tie from United Colors of Benetton. It is designed for men and suited to formal wear. Part of the summer season 2011 range. Listed under Accessories.,Accessories,Ties,United Colors of Benetton,Blue,Men,Formal,Summer,2011,62.95,USD,sample/images/19223.jpg,true
55997,Colorbar Velvet Matte Temptation Lipstick 24MA,Colorbar Velvet Matte Temptation Lipstick 24MA is a purple lipstick from Colorbar. It is designed for women and suited to casual wear. Part of the spring season 2017 range. Listed under Personal Care.,Personal Care,Lipstick,Colorbar,Purple,Women,Casual,Spring,2017,20.99,USD,sample/images/55997.jpg,true
24845,Wildcraft Men Wind Cheaters Beige Jacket,Wildcraft Men Wind Cheaters Beige Jacket is a beige jacket from Wildcraft. It is designed for men and suited to casual wear. Part of the summer season 2015 range. Listed under Apparel.,Apparel,Jackets,Wildcraft,Beige,Men,Casual,Summer,2015,112.99,USD,sample/images/24845.jpg,true
19385,Crusoe Men Grey Xtreme Game Innerwear Vest,Crusoe Men Grey Xtreme Game Innerwear Vest is a grey innerwear vest from Crusoe. It is designed for men and suited to casual wear. Part of the summer season 2016 range. Listed under Apparel.,Apparel,Innerwear Vests,Crusoe,Grey,Men,Casual,Summer,2016,79.49,USD,sample/images/19385.jpg,true
30907,Fabindia Women Black Kurti,Fabindia Women Black Kurti is a black kurtis from Fabindia. It is designed for women and suited to ethnic wear. Part of the summer season 2012 range. Listed under Apparel.,Apparel,Kurtis,Fabindia,Black,Women,Ethnic,Summer,2012,28.95,USD,sample/images/30907.jpg,true
41792,Remanika Women Black Tunic,Remanika Women Black Tunic is a black tunic from Remanika. It is designed for women and suited to casual wear. Part of the summer season 2012 range. Listed under Apparel.,Apparel,Tunics,Remanika,Black,Women,Casual,Summer,2012,63.99,USD,sample/images/41792.jpg,true
52423,Red Rose Women Blue Nightdress,Red Rose Women Blue Nightdress is a blue nightdress. It is designed for women and suited to casual wear. Part of the summer season 2017 range. Listed under Apparel.,Apparel,Nightdress,,Blue,Women,Casual,Summer,2017,66.95,USD,sample/images/52423.jpg,true
54051,Myntra Women Black Leggings,Myntra Women Black Leggings is a pair of black leggings from Myntra. It is designed for women and suited to casual wear. Part of the summer season 2012 range. Listed under Apparel.,Apparel,Leggings,Myntra,Black,Women,Casual,Summer,2012,18.49,USD,sample/images/54051.jpg,true
48796,Lucera Women Silver Pendant,Lucera Women Silver Pendant is a silver pendant from Lucera. It is designed for women and suited to casual wear. Part of the summer season 2013 range. Listed under Accessories.,Accessories,Pendant,Lucera,Silver,Women,Casual,Summer,2013,43.95,USD,sample/images/48796.jpg,true
2578,Domyos Women White Capri,Domyos Women White Capri is a pair of white capris from Domyos. It is designed for women and suited to casual wear. Part of the summer season 2011 range. Listed under Apparel.,Apparel,Capris,Domyos,White,Women,Casual,Summer,2011,35.95,USD,sample/images/2578.jpg,true
54870,Ivory Tag Women Colour Beam Multicolour Necklace,Ivory Tag Women Colour Beam Multicolour Necklace is a gold necklace and chain from Ivory Tag. It is designed for women and suited to casual wear. Part of the summer season 2013 range. Listed under Accessories.,Accessories,Necklace and Chains,Ivory Tag,Gold,Women,Casual,Summer,2013,114.49,USD,sample/images/54870.jpg,true
56255,SDL by Sweet Dreams Men Black & Grey Pyjama Set,SDL by Sweet Dreams Men Black & Grey Pyjama Set is a black night suit from SDL by Sweet Dreams. It is designed for men and suited to casual wear. Part of the summer season 2016 range. Listed under Apparel.,Apparel,Night suits,SDL by Sweet Dreams,Black,Men,Casual,Summer,2016,93.49,USD,sample/images/56255.jpg,true
50468,Chromozome Men Grey Melange Trunks,Chromozome Men Grey Melange Trunks is a grey melange trunk from Chromozome. It is designed for men and suited to casual wear. Part of the winter season 2016 range. Listed under Apparel.,Apparel,Trunk,Chromozome,Grey Melange,Men,Casual,Winter,2016,34.95,USD,sample/images/50468.jpg,true
41153,Allen Solly Woman Charcoal Skirt,Allen Solly Woman Charcoal Skirt is a charcoal skirt from Allen Solly. It is designed for women and suited to casual wear. Part of the summer season 2012 range. Listed under Apparel.,Apparel,Skirts,Allen Solly,Charcoal,Women,Casual,Summer,2012,59.99,USD,sample/images/41153.jpg,true
18998,ADIDAS Originals Unisex Black Scarf,ADIDAS Originals Unisex Black Scarf is a black scarve from ADIDAS. It is a unisex design and suited to casual wear. Part of the fall season 2011 range. Listed under Accessories.,Accessories,Scarves,ADIDAS,Black,Unisex,Casual,Fall,2011,52.95,USD,sample/images/18998.jpg,true
48980,Lucera Women Silver Ring,Lucera Women Silver Ring is a silver ring from Lucera. It is designed for women and suited to casual wear. Part of the summer season 2012 range. Listed under Accessories.,Accessories,Ring,Lucera,Silver,Women,Casual,Summer,2012,20.49,USD,sample/images/48980.jpg,true
34268,Fabindia Women Printed Purple Dupatta,Fabindia Women Printed Purple Dupatta is a purple dupatta from Fabindia. It is designed for women and suited to ethnic wear. Part of the summer season 2012 range. Listed under Apparel.,Apparel,Dupatta,Fabindia,Purple,Women,Ethnic,Summer,2012,60.49,USD,sample/images/34268.jpg,true
49140,Deborah Golden Pink Euphoric Shine 04 Lip Gloss,Deborah Golden Pink Euphoric Shine 04 Lip Gloss is a pink lip gloss from Deborah. It is designed for women and suited to casual wear. Part of the spring season 2017 range. Listed under Personal Care.,Personal Care,Lip Gloss,Deborah,Pink,Women,Casual,Spring,2017,53.99,USD,sample/images/49140.jpg,true
39034,Belmonte Men Blue Bright Assorted Cufflinks,Belmonte Men Blue Bright Assorted Cufflinks is a pair of blue cufflinks from Belmonte. It is designed for men and suited to formal wear. Part of the summer season 2012 range. Listed under Accessories.,Accessories,Cufflinks,Belmonte,Blue,Men,Formal,Summer,2012,95.49,USD,sample/images/39034.jpg,true
23102,Turtle Men Formal Blue Tie Cufflink & Pocket Square Set,Turtle Men Formal Blue Tie Cufflink & Pocket Square Set is a blue accessory gift set from Turtle. It is designed for men and suited to formal wear. Part of the fall season 2011 range. Listed under Accessories.,Accessories,Accessory Gift Set,Turtle,Blue,Men,Formal,Fall,2011,35.49,USD,sample/images/23102.jpg,true
28984,Biba Outlet Women Orange Printed Churidar Kurta with Dupatta,Biba Outlet Women Orange Printed Churidar Kurta with Dupatta is an orange kurta set from Biba. It is designed for women and suited to ethnic wear. Part of the summer season 2012 range. Listed under Apparel.,Apparel,Kurta Sets,Biba,Orange,Women,Ethnic,Summer,2012,75.49,USD,sample/images/28984.jpg,true
56159,Colorbar Electra I-Glide Eye Pencil 04,Colorbar Electra I-Glide Eye Pencil 04 is a blue kajal and eyeliner from Colorbar. It is designed for women and suited to casual wear. Part of the spring season 2017 range. Listed under Personal Care.,Personal Care,Kajal and Eyeliner,Colorbar,Blue,Women,Casual,Spring,2017,60.99,USD,sample/images/56159.jpg,true
45928,Maxima Men Black Dial Watch,Maxima Men Black Dial Watch is a black free gift from Maxima. It is designed for men and suited to casual wear. Part of the winter season 2016 range. Listed under Free Items.,Free Items,Free Gifts,Maxima,Black,Men,Casual,Winter,2016,90.49,USD,sample/images/45928.jpg,true
35032,Fabindia Women Green Stole,Fabindia Women Green Stole is a green stole from Fabindia. It is designed for women and suited to casual wear. Part of the summer season 2012 range. Listed under Accessories.,Accessories,Stoles,Fabindia,Green,Women,Casual,Summer,2012,18.49,USD,sample/images/35032.jpg,true
36061,OTLS Unisex Beige Duffle Bag,OTLS Unisex Beige Duffle Bag is a beige duffel bag from OTLS. It is a unisex design and suited to casual wear. Part of the summer season 2012 range. Listed under Accessories.,Accessories,Duffel Bag,OTLS,Beige,Unisex,Casual,Summer,2012,52.49,USD,sample/images/36061.jpg,true
35131,Allen Solly Woman Purple Bangle,Allen Solly Woman Purple Bangle is a purple bangle from Allen Solly. It is designed for women and suited to casual wear. Part of the winter season 2012 range. Listed under Accessories.,Accessories,Bangle,Allen Solly,Purple,Women,Casual,Winter,2012,40.99,USD,sample/images/35131.jpg,true
16077,Belkin Unisex Max Sleeve Black Netbook Bag,Belkin Unisex Max Sleeve Black Netbook Bag is a black laptop bag from Belkin. It is a unisex design and suited to casual wear. Part of the fall season 2011 range. Listed under Accessories.,Accessories,Laptop Bag,Belkin,Black,Unisex,Casual,Fall,2011,86.49,USD,sample/images/16077.jpg,true
57744,Lotus Herbals Pure Radiance Fresh Ivory Daily Foundation 350,Lotus Herbals Pure Radiance Fresh Ivory Daily Foundation 350 is a skin foundation and primer from Lotus Herbals. It is designed for women and suited to casual wear. Part of the spring season 2017 range. Listed under Personal Care.,Personal Care,Foundation and Primer,Lotus Herbals,Skin,Women,Casual,Spring,2017,38.99,USD,sample/images/57744.jpg,true
4101,Puma Women Green Navy Baby Blue Floater,Puma Women Green Navy Baby Blue Floater is a pair of green sports sandals from Puma. It is designed for women and suited to sports wear. Part of the summer season 2011 range. Listed under Footwear.,Footwear,Sports Sandals,Puma,Green,Women,Sports,Summer,2011,79.99,USD,sample/images/4101.jpg,true
48746,Lucera Women Silver Bracelet,Lucera Women Silver Bracelet is a silver bracelet from Lucera. It is designed for women and suited to casual wear. Part of the summer season 2013 range. Listed under Accessories.,Accessories,Bracelet,Lucera,Silver,Women,Casual,Summer,2013,67.49,USD,sample/images/48746.jpg,true
49955,Hanes Men Grey Lounge Pant,Hanes Men Grey Lounge Pant is a pair of grey lounge pants from Hanes. It is designed for men and suited to casual wear. Part of the summer season 2016 range. Listed under Apparel.,Apparel,Lounge Pants,Hanes,Grey,Men,Casual,Summer,2016,29.49,USD,sample/images/49955.jpg,true
48764,Miki Pearl Women Ivory Jewellery Set,Miki Pearl Women Ivory Jewellery Set is a white jewellery set from Miki Pearl. It is designed for women and suited to casual wear. Part of the summer season 2012 range. Listed under Accessories.,Accessories,Jewellery Set,Miki Pearl,White,Women,Casual,Summer,2012,76.95,USD,sample/images/48764.jpg,true
18441,Ed Hardy Love & Luck Women Mermaid Fragrance Gift Set,Ed Hardy Love & Luck Women Mermaid Fragrance Gift Set is a white fragrance gift set from Ed Hardy. It is designed for women and suited to casual wear. Part of the spring season 2017 range. Listed under Personal Care.,Personal Care,Fragrance Gift Set,Ed Hardy,White,Women,Casual,Spring,2017,65.95,USD,sample/images/18441.jpg,true
51390,Myntra Navy Blue Printed Boxers,Myntra Navy Blue Printed Boxers is a navy blue boxer from Myntra. It is designed for men and suited to casual wear. Part of the summer season 2012 range. Listed under Apparel.,Apparel,Boxers,Myntra,Navy Blue,Men,Casual,Summer,2012,58.95,USD,sample/images/51390.jpg,true
39487,Wildcraft Unisex Grey Digital Series Camera Bag,Wildcraft Unisex Grey Digital Series Camera Bag is a grey mobile pouch from Wildcraft. It is a unisex design and suited to travel wear. Part of the summer season 2015 range. Listed under Accessories.,Accessories,Mobile Pouch,Wildcraft,Grey,Unisex,Travel,Summer,2015,42.95,USD,sample/images/39487.jpg,true
57782,Lotus Herbals Nutramoist Skin Renewal Daily Cream,Lotus Herbals Nutramoist Skin Renewal Daily Cream is a cream face moisturiser from Lotus Herbals. It is designed for women and suited to casual wear. Part of the spring season 2017 range. Listed under Personal Care.,Personal Care,Face Moisturisers,Lotus Herbals,Cream,Women,Casual,Spring,2017,68.99,USD,sample/images/57782.jpg,true
56549,Streetwear Stay On Longwear Garnet Lip Liner 04,Streetwear Stay On Longwear Garnet Lip Liner 04 is a brown lip liner from Streetwear. It is designed for women and suited to casual wear. Part of the spring season 2017 range. Listed under Personal Care.,Personal Care,Lip Liner,Streetwear,Brown,Women,Casual,Spring,2017,65.95,USD,sample/images/56549.jpg,true
41854,Probase Men Navy Blue Messenger Bag,Probase Men Navy Blue Messenger Bag is a navy blue messenger bag from Probase. It is designed for men and suited to casual wear. Part of the summer season 2012 range. Listed under Accessories.,Accessories,Messenger Bag,Probase,Navy Blue,Men,Casual,Summer,2012,51.49,USD,sample/images/41854.jpg,true
25794,Arrow Men Navy Blue Suspenders,Arrow Men Navy Blue Suspenders is a navy blue suspender from Arrow. It is designed for men and suited to formal wear. Part of the summer season 2012 range. Listed under Apparel.,Apparel,Suspenders,Arrow,Navy Blue,Men,Formal,Summer,2012,46.95,USD,sample/images/25794.jpg,true
52514,Red Rose Black Camisole,Red Rose Black Camisole is a black camisole. It is designed for women and suited to casual wear. Part of the winter season 2015 range. Listed under Apparel.,Apparel,Camisoles,,Black,Women,Casual,Winter,2015,74.95,USD,sample/images/52514.jpg,true
55577,Revlon Touch & Glow Rose Matte Moisturising Powder 64,Revlon Touch & Glow Rose Matte Moisturising Powder 64 is a pink compact from Revlon. It is designed for women and suited to casual wear. Part of the spring season 2017 range. Listed under Personal Care.,Personal Care,Compact,Revlon,Pink,Women,Casual,Spring,2017,50.49,USD,sample/images/55577.jpg,true
20844,Scullers Men Casual Grey Muffler,Scullers Men Casual Grey Muffler is a grey muffler from Scullers. It is designed for men and suited to casual wear. Part of the fall season 2011 range. Listed under Accessories.,Accessories,Mufflers,Scullers,Grey,Men,Casual,Fall,2011,51.99,USD,sample/images/20844.jpg,true
55283,Lakme Absolute Cheek Chromatic Day Blushes Blusher,Lakme Absolute Cheek Chromatic Day Blushes Blusher is a pink highlighter and blush from Lakme. It is designed for women and suited to casual wear. Part of the spring season 2017 range. Listed under Personal Care.,Personal Care,Highlighter and Blush,Lakme,Pink,Women,Casual,Spring,2017,32.49,USD,sample/images/55283.jpg,true
54060,Myntra Women Green Patiala,Myntra Women Green Patiala is a green patiala from Myntra. It is designed for women and suited to ethnic wear. Part of the summer season 2012 range. Listed under Apparel.,Apparel,Patiala,Myntra,Green,Women,Ethnic,Summer,2012,38.99,USD,sample/images/54060.jpg,true
50659,Chromozome Men Navy Blue Lounge Shorts,Chromozome Men Navy Blue Lounge Shorts is a pair of navy blue lounge shorts from Chromozome. It is designed for men and suited to casual wear. Part of the winter season 2016 range. Listed under Apparel.,Apparel,Lounge Shorts,Chromozome,Navy Blue,Men,Casual,Winter,2016,87.49,USD,sample/images/50659.jpg,true
51616,Kraus Jeans Women Black Jeggings,Kraus Jeans Women Black Jeggings is a black jegging from Kraus. It is designed for women and suited to casual wear. Part of the fall season 2012 range. Listed under Apparel.,Apparel,Jeggings,Kraus,Black,Women,Casual,Fall,2012,45.49,USD,sample/images/51616.jpg,true
33979,Femella Women Black Stockings,Femella Women Black Stockings is a pair of black stockings from Femella. It is designed for women and suited to casual wear. Part of the summer season 2012 range. Listed under Apparel.,Apparel,Stockings,Femella,Black,Women,Casual,Summer,2012,17.99,USD,sample/images/33979.jpg,true
55297,Lakme Absolute Eye Chromatic Night Flash Baked Eye Shadow,Lakme Absolute Eye Chromatic Night Flash Baked Eye Shadow is a multi eyeshadow from Lakme. It is designed for women and suited to casual wear. Part of the spring season 2017 range. Listed under Personal Care.,Personal Care,Eyeshadow,Lakme,Multi,Women,Casual,Spring,2017,60.99,USD,sample/images/55297.jpg,true
47057,Shree Women Navy Blue & Pink Jodhpuri Salwar,Shree Women Navy Blue & Pink Jodhpuri Salwar is a navy blue salwar from Shree. It is designed for women and suited to ethnic wear. Part of the summer season 2012 range. Listed under Apparel.,Apparel,Salwar,Shree,Navy Blue,Women,Ethnic,Summer,2012,49.95,USD,sample/images/47057.jpg,true
35036,Fabindia Women Magenta Churidar,Fabindia Women Magenta Churidar is a magenta churidar from Fabindia. It is designed for women and suited to ethnic wear. Part of the summer season 2012 range. Listed under Apparel.,Apparel,Churidar,Fabindia,Magenta,Women,Ethnic,Summer,2012,31.99,USD,sample/images/35036.jpg,true
15463,Puma Men Graphic Logo Blue Tracksuits,Puma Men Graphic Logo Blue Tracksuits is a blue tracksuit from Puma. It is designed for men and suited to sports wear. Part of the fall season 2011 range. Listed under Apparel.,Apparel,Tracksuits,Puma,Blue,Men,Sports,Fall,2011,89.95,USD,sample/images/15463.jpg,true
37541,Madagascar 3 Infant Boys Blue Mittens,Madagascar 3 Infant Boys Blue Mittens is a pair of blue gloves from Madagascar 3 Infant. It is designed for boys and suited to casual wear. Part of the summer season 2012 range. Listed under Accessories.,Accessories,Gloves,Madagascar 3 Infant,Blue,Boys,Casual,Summer,2012,29.49,USD,sample/images/37541.jpg,true
55334,Revlon Colorsilk 3N Dark Brown Hair Colour,Revlon Colorsilk 3N Dark Brown Hair Colour is a brown hair colour from Revlon. It is designed for women and suited to casual wear. Part of the spring season 2017 range. Listed under Personal Care.,Personal Care,Hair Colour,Revlon,Brown,Women,Casual,Spring,2017,76.49,USD,sample/images/55334.jpg,true
52505,Red Rose Off-White Printed Bath Robe,Red Rose Off-White Printed Bath Robe is an off white bath robe. It is designed for women and suited to casual wear. Part of the winter season 2015 range. Listed under Apparel.,Apparel,Bath Robe,,Off White,Women,Casual,Winter,2015,23.99,USD,sample/images/52505.jpg,true
42974,Amante Brown Swimsuit WFSD06,Amante Brown Swimsuit WFSD06 is a brown swimwear from Amante. It is designed for women and suited to casual wear. Part of the winter season 2015 range. Listed under Apparel.,Apparel,Swimwear,Amante,Brown,Women,Casual,Winter,2015,82.99,USD,sample/images/42974.jpg,true
38757,Nike Men Black Training Waist Pouch,Nike Men Black Training Waist Pouch is a black waist pouch from Nike. It is designed for men and suited to casual wear. Part of the summer season 2012 range. Listed under Accessories.,Accessories,Waist Pouch,Nike,Black,Men,Casual,Summer,2012,34.49,USD,sample/images/38757.jpg,true
56632,Olay Women Natural White Foaming Cleanser,Olay Women Natural White Foaming Cleanser is a blue face wash and cleanser from Olay. It is designed for women and suited to casual wear. Part of the spring season 2017 range. Listed under Personal Care.,Personal Care,Face Wash and Cleanser,Olay,Blue,Women,Casual,Spring,2017,48.49,USD,sample/images/56632.jpg,true
7124,Wildcraft Unisex Black Waist Pouch,Wildcraft Unisex Black Waist Pouch is a black travel accessory from Wildcraft. It is a unisex design and suited to casual wear. Part of the winter season 2015 range. Listed under Accessories.,Accessories,Travel Accessory,Wildcraft,Black,Unisex,Casual,Winter,2015,31.49,USD,sample/images/7124.jpg,true
43679,French Connection Women Orange Playsuit,French Connection Women Orange Playsuit is an orange jumpsuit from French Connection. It is designed for women and suited to casual wear. Part of the summer season 2012 range. Listed under Apparel.,Apparel,Jumpsuit,French Connection,Orange,Women,Casual,Summer,2012,54.99,USD,sample/images/43679.jpg,true
44376,ONLY Women Blue Waistcoat,ONLY Women Blue Waistcoat is a blue waistcoat from ONLY. It is designed for women and suited to casual wear. Part of the summer season 2012 range. Listed under Apparel.,Apparel,Waistcoat,ONLY,Blue,Women,Casual,Summer,2012,86.95,USD,sample/images/44376.jpg,true
55319,Revlon Touch & Glow Advanced Suncare Daily Moisturising Lotion SPF 15,Revlon Touch & Glow Advanced Suncare Daily Moisturising Lotion SPF 15 is a white sunscreen from Revlon. It is designed for women and suited to casual wear. Part of the spring season 2017 range. Listed under Personal Care.,Personal Care,Sunscreen,Revlon,White,Women,Casual,Spring,2017,94.49,USD,sample/images/55319.jpg,true
52518,Red Rose Red Nightdress,Red Rose Red Nightdress is a red baby doll. It is designed for women and suited to casual wear. Part of the winter season 2015 range. Listed under Apparel.,Apparel,Baby Dolls,,Red,Women,Casual,Winter,2015,35.99,USD,sample/images/52518.jpg,true
4012,Spalding 508z Black Basketball,Spalding 508z Black Basketball is a black basketball from Spalding. It is a unisex design and suited to sports wear. Part of the summer season 2011 range. Listed under Sporting Goods.,Sporting Goods,Basketballs,Spalding,Black,Unisex,Sports,Summer,2011,32.49,USD,sample/images/4012.jpg,true
37561,Madagascar3 Infant Girls Pink Snapsuit Romper,Madagascar3 Infant Girls Pink Snapsuit Romper is a pink romper from Madagascar3. It is designed for girls and suited to casual wear. Part of the summer season 2012 range. Listed under Apparel.,Apparel,Rompers,Madagascar3,Pink,Girls,Casual,Summer,2012,30.99,USD,sample/images/37561.jpg,true
37538,Madagascar 3 Infant Boys Blue Booties,Madagascar 3 Infant Boys Blue Booties is a pair of blue booties from Madagascar 3 Infant. It is designed for boys and suited to casual wear. Part of the summer season 2012 range. Listed under Apparel.,Apparel,Booties,Madagascar 3 Infant,Blue,Boys,Casual,Summer,2012,71.99,USD,sample/images/37538.jpg,true
56544,Streetwear Black Mascara 01,Streetwear Black Mascara 01 is a black mascara from Streetwear. It is designed for women and suited to casual wear. Part of the spring season 2017 range. Listed under Personal Care.,Personal Care,Mascara,Streetwear,Black,Women,Casual,Spring,2017,52.49,USD,sample/images/56544.jpg,true
3473,ADIDAS Black Sipper,ADIDAS Black Sipper is a black water bottle from ADIDAS. It is designed for men and suited to casual wear. Part of the fall season 2010 range. Listed under Accessories.,Accessories,Water Bottle,ADIDAS,Black,Men,Casual,Fall,2010,94.99,USD,sample/images/3473.jpg,true
49128,Deborah Light Beige  24 Ore Perfect Concealer 01,Deborah Light Beige 24 Ore Perfect Concealer 01 is a beige concealer from Deborah. It is designed for women and suited to casual wear. Part of the spring season 2017 range. Listed under Personal Care.,Personal Care,Concealer,Deborah,Beige,Women,Casual,Spring,2017,76.49,USD,sample/images/49128.jpg,true
5256,Wildcraft Unisex Red & Grey Techpack 35 Rucksack,Wildcraft Unisex Red & Grey Techpack 35 Rucksack is a red rucksack from Wildcraft. It is a unisex design and suited to casual wear. Part of the winter season 2018 range. Listed under Accessories.,Accessories,Rucksacks,Wildcraft,Red,Unisex,Casual,Winter,2018,59.95,USD,sample/images/5256.jpg,true
57888,Biotique Women Bio Clove Anti Blemish Face Pack,Biotique Women Bio Clove Anti Blemish Face Pack is a lavender mask and peel from Biotique. It is designed for women and suited to casual wear. Part of the spring season 2017 range. Listed under Personal Care.,Personal Care,Mask and Peel,Biotique,Lavender,Women,Casual,Spring,2017,65.99,USD,sample/images/57888.jpg,true
40071,ADIDAS Women Purple Tights,ADIDAS Women Purple Tights is a pair of purple tights from ADIDAS. It is designed for women and suited to casual wear. Part of the summer season 2012 range. Listed under Apparel.,Apparel,Tights,ADIDAS,Purple,Women,Casual,Summer,2012,25.49,USD,sample/images/40071.jpg,true
59733,Avirate Pink Wired Corset Shapewear,Avirate Pink Wired Corset Shapewear is a pink shapewear from Avirate. It is designed for women and suited to casual wear. Part of the summer season 2014 range. Listed under Apparel.,Apparel,Shapewear,Avirate,Pink,Women,Casual,Summer,2014,39.95,USD,sample/images/59733.jpg,true
27845,Scullers For Her Black Blazer,Scullers For Her Black Blazer is a black blazer from Scullers. It is designed for women and suited to formal wear. Part of the summer season 2012 range. Listed under Apparel.,Apparel,Blazers,Scullers,Black,Women,Formal,Summer,2012,85.49,USD,sample/images/27845.jpg,true
1550,Puma Cat Trainer-WBL Football,Puma Cat Trainer-WBL Football is a white football from Puma. It is a unisex design and suited to sports wear. Part of the fall season 2010 range. Listed under Sporting Goods.,Sporting Goods,Footballs,Puma,White,Unisex,Sports,Fall,2010,67.95,USD,sample/images/1550.jpg,true
35888,Jungle Book Boys Baby Red Clothing Set,Jungle Book Boys Baby Red Clothing Set is a red clothing set from Jungle Book. It is designed for boys and suited to casual wear. Part of the summer season 2012 range. Listed under Apparel.,Apparel,Clothing Set,Jungle Book,Red,Boys,Casual,Summer,2012,45.95,USD,sample/images/35888.jpg,true
55203,Lakme Lip Love Flirt Lip Conditioner,Lakme Lip Love Flirt Lip Conditioner is a pink lip care from Lakme. It is designed for women and suited to casual wear. Part of the spring season 2017 range. Listed under Personal Care.,Personal Care,Lip Care,Lakme,Pink,Women,Casual,Spring,2017,37.95,USD,sample/images/55203.jpg,true
50379,Vishudh Women Black & White Salwar and Dupatta,Vishudh Women Black & White Salwar and Dupatta is a white salwar and dupatta from Vishudh. It is designed for women and suited to ethnic wear. Part of the summer season 2012 range. Listed under Apparel.,Apparel,Salwar and Dupatta,Vishudh,White,Women,Ethnic,Summer,2012,24.99,USD,sample/images/50379.jpg,true
42831,Nike Unisex Black Headband,Nike Unisex Black Headband is a black headband from Nike. It is a unisex design and suited to sports wear. Part of the summer season 2012 range. Listed under Accessories.,Accessories,Headband,Nike,Black,Unisex,Sports,Summer,2012,18.49,USD,sample/images/42831.jpg,true
42829,Nike Unisex Swoosh White Wristbands,Nike Unisex Swoosh White Wristbands is a white wristband from Nike. It is a unisex design and suited to sports wear. Part of the summer season 2012 range. Listed under Sporting Goods.,Sporting Goods,Wristbands,Nike,White,Unisex,Sports,Summer,2012,33.99,USD,sample/images/42829.jpg,true
59103,Just Natural Men Military Shade Rain Jacket,Just Natural Men Military Shade Rain Jacket is an olive rain jacket from Just Natural. It is designed for men and suited to casual wear. Part of the summer season 2012 range. Listed under Apparel.,Apparel,Rain Jacket,Just Natural,Olive,Men,Casual,Summer,2012,85.49,USD,sample/images/59103.jpg,true
3052,Tantra Men's Stop Train Violet T-shirt,Tantra Men's Stop Train Violet T-shirt is a purple tshirt from Tantra. It is designed for men and suited to casual wear. Part of the summer season 2011 range. Listed under Apparel.,Apparel,Tshirts,Tantra,Purple,Men,Casual,Summer,2011,35.95,USD,sample/images/3052.jpg,true
12258,Genesis Men Stripes Grey Shirts,Genesis Men Stripes Grey Shirts is a grey shirt from Genesis. It is designed for men and suited to formal wear. Part of the fall season 2011 range. Listed under Apparel.,Apparel,Shirts,Genesis,Grey,Men,Formal,Fall,2011,72.95,USD,sample/images/12258.jpg,true
29570,Vans Men Classic Slip-On Purple & Black Shoes,Vans Men Classic Slip-On Purple & Black Shoes is a pair of purple casual shoes from Vans. It is designed for men and suited to casual wear. Part of the summer season 2012 range. Listed under Footwear.,Footwear,Casual Shoes,Vans,Purple,Men,Casual,Summer,2012,103.49,USD,sample/images/29570.jpg,true
53577,Q&Q Women White Dial Watch,Q&Q Women White Dial Watch is a white watch from Q&Q. It is designed for women and suited to casual wear. Part of the winter season 2016 range. Listed under Accessories.,Accessories,Watches,Q&Q,White,Women,Casual,Winter,2016,169.49,USD,sample/images/53577.jpg,true
35938,Salomon Men X Ultra GTX Black Sports Shoes,Salomon Men X Ultra GTX Black Sports Shoes is a pair of black sports shoes from Salomon. It is designed for men and suited to sports wear. Part of the summer season 2012 range. Listed under Footwear.,Footwear,Sports Shoes,Salomon,Black,Men,Sports,Summer,2012,162.49,USD,sample/images/35938.jpg,true
59921,Diva Women Multi Coloured Kurta,Diva Women Multi Coloured Kurta is a multi kurta from Diva. It is designed for women and suited to ethnic wear. Part of the summer season 2012 range. Listed under Apparel.,Apparel,Kurtas,Diva,Multi,Women,Ethnic,Summer,2012,38.95,USD,sample/images/59921.jpg,true
19600,United Colors of Benetton Women Black Printed Top,United Colors of Benetton Women Black Printed Top is a black top from United Colors of Benetton. It is designed for women and suited to casual wear. Part of the fall season 2011 range. Listed under Apparel.,Apparel,Tops,United Colors of Benetton,Black,Women,Casual,Fall,2011,17.95,USD,sample/images/19600.jpg,true
27690,Murcia Women Black Handbag,Murcia Women Black Handbag is a black handbag from Murcia. It is designed for women and suited to casual wear. Part of the winter season 2015 range. Listed under Accessories.,Accessories,Handbags,Murcia,Black,Women,Casual,Winter,2015,40.99,USD,sample/images/27690.jpg,true
14478,Enroute Women Casual Red Flats,Enroute Women Casual Red Flats is a pair of red heels from Enroute. It is designed for women and suited to casual wear. Part of the summer season 2012 range. Listed under Footwear.,Footwear,Heels,Enroute,Red,Women,Casual,Summer,2012,84.49,USD,sample/images/14478.jpg,true
48222,United Colors of Benetton Women Black Sunglasses,United Colors of Benetton Women Black Sunglasses is a pair of black sunglasses from United Colors of Benetton. It is designed for women and suited to casual wear. Part of the winter season 2016 range. Listed under Accessories.,Accessories,Sunglasses,United Colors of Benetton,Black,Women,Casual,Winter,2016,178.95,USD,sample/images/48222.jpg,true
25300,Lino Perros Women Leather Tan Wallet,Lino Perros Women Leather Tan Wallet is a tan wallet from Lino Perros. It is designed for women and suited to casual wear. Part of the winter season 2015 range. Listed under Accessories.,Accessories,Wallets,Lino Perros,Tan,Women,Casual,Winter,2015,19.99,USD,sample/images/25300.jpg,true
6419,Lotto Men's Bavarian Black Red Flip Flop,Lotto Men's Bavarian Black Red Flip Flop is a pair of black flip flops from Lotto. It is designed for men and suited to casual wear. Part of the summer season 2011 range. Listed under Footwear.,Footwear,Flip Flops,Lotto,Black,Men,Casual,Summer,2011,22.99,USD,sample/images/6419.jpg,true
13909,Nike Men Mikumi Black Sandals,Nike Men Mikumi Black Sandals is a pair of black sandals from Nike. It is designed for men and suited to casual wear. Part of the fall season 2011 range. Listed under Footwear.,Footwear,Sandals,Nike,Black,Men,Casual,Fall,2011,22.95,USD,sample/images/13909.jpg,true
15776,Facit Men Trophy BF Blue Briefs,Facit Men Trophy BF Blue Briefs is a blue brief from Facit. It is designed for men and suited to casual wear. Part of the summer season 2016 range. Listed under Apparel.,Apparel,Briefs,Facit,Blue,Men,Casual,Summer,2016,87.99,USD,sample/images/15776.jpg,true
50215,Stoln Women Black Belt,Stoln Women Black Belt is a black belt from Stoln. It is designed for women and suited to casual wear. Part of the summer season 2012 range. Listed under Accessories.,Accessories,Belts,Stoln,Black,Women,Casual,Summer,2012,52.49,USD,sample/images/50215.jpg,true
1624,Reebok Silver-Black Laptop Backpack,Reebok Silver-Black Laptop Backpack is a black backpack from Reebok. It is a unisex design and suited to sports wear. Part of the summer season 2011 range. Listed under Accessories.,Accessories,Backpacks,Reebok,Black,Unisex,Sports,Summer,2011,117.95,USD,sample/images/1624.jpg,true
36383,Reid & Taylor Men Grey Socks,Reid & Taylor Men Grey Socks is a pair of grey socks from Reid & Taylor. It is designed for men and suited to casual wear. Part of the summer season 2016 range. Listed under Accessories.,Accessories,Socks,Reid & Taylor,Grey,Men,Casual,Summer,2016,7.95,USD,sample/images/36383.jpg,true
44410,Red Tape Men Black Shoes,Red Tape Men Black Shoes is a pair of black formal shoes. It is designed for men and suited to formal wear. Part of the winter season 2018 range. Listed under Footwear.,Footwear,Formal Shoes,,Black,Men,Formal,Winter,2018,78.95,USD,sample/images/44410.jpg,true
32526,Tonino Lamborghini Men Feroce Perfume,Tonino Lamborghini Men Feroce Perfume is a red perfume and body mist from Tonino Lamborghini. It is designed for men and suited to casual wear. Part of the spring season 2017 range. Listed under Personal Care.,Personal Care,Perfume and Body Mist,Tonino Lamborghini,Red,Men,Casual,Spring,2017,66.95,USD,sample/images/32526.jpg,true
42402,Flying Machine Women Blue Denim Shorts,Flying Machine Women Blue Denim Shorts is a pair of blue jeans from Flying Machine. It is designed for women and suited to casual wear. Part of the summer season 2012 range. Listed under Apparel.,Apparel,Jeans,Flying Machine,Blue,Women,Casual,Summer,2012,122.99,USD,sample/images/42402.jpg,true
15467,Puma Men Logo Bermuda Black Shorts,Puma Men Logo Bermuda Black Shorts is a pair of black shorts from Puma. It is designed for men and suited to casual wear. Part of the fall season 2011 range. Listed under Apparel.,Apparel,Shorts,Puma,Black,Men,Casual,Fall,2011,51.95,USD,sample/images/15467.jpg,true
14714,Genesis Men Solid Navy Blue Trousers,Genesis Men Solid Navy Blue Trousers is a pair of navy blue trousers from Genesis. It is designed for men and suited to formal wear. Part of the fall season 2011 range. Listed under Apparel.,Apparel,Trousers,Genesis,Navy Blue,Men,Formal,Fall,2011,72.99,USD,sample/images/14714.jpg,true
45785,Senorita Women Black Sandals,Senorita Women Black Sandals is a pair of black flats from Senorita. It is designed for women and suited to casual wear. Part of the summer season 2012 range. Listed under Footwear.,Footwear,Flats,Senorita,Black,Women,Casual,Summer,2012,73.49,USD,sample/images/45785.jpg,true
30500,Lovable Women Fiona Purple Bra,Lovable Women Fiona Purple Bra is a purple bra from Lovable. It is designed for women and suited to casual wear. Part of the summer season 2014 range. Listed under Apparel.,Apparel,Bra,Lovable,Purple,Women,Casual,Summer,2014,58.99,USD,sample/images/30500.jpg,true
8484,Forever New Women Floral Purple Dress,Forever New Women Floral Purple Dress is a purple dress from Forever New. It is designed for women and suited to casual wear. Part of the fall season 2011 range. Listed under Apparel.,Apparel,Dresses,Forever New,Purple,Women,Casual,Fall,2011,82.49,USD,sample/images/8484.jpg,true
59644,FNF Cream & Red Wedding Collection Sari,FNF Cream & Red Wedding Collection Sari is a cream saree from FNF. It is designed for women and suited to ethnic wear. Part of the fall season 2012 range. Listed under Apparel.,Apparel,Sarees,FNF,Cream,Women,Ethnic,Fall,2012,98.99,USD,sample/images/59644.jpg,true
35304,Fabindia Women Ananya Pink Earrings,Fabindia Women Ananya Pink Earrings is a pair of pink earrings from Fabindia. It is designed for women and suited to ethnic wear. Part of the winter season 2016 range. Listed under Accessories.,Accessories,Earrings,Fabindia,Pink,Women,Ethnic,Winter,2016,35.95,USD,sample/images/35304.jpg,true
43099,Reebok Men Pack of 3 Deos,Reebok Men Pack of 3 Deos is a black deodorant from Reebok. It is designed for men and suited to casual wear. Part of the spring season 2017 range. Listed under Personal Care.,Personal Care,Deodorant,Reebok,Black,Men,Casual,Spring,2017,27.49,USD,sample/images/43099.jpg,true
46746,Nike Men Navy Blue Track Pants,Nike Men Navy Blue Track Pants is a pair of navy blue track pants from Nike. It is designed for men and suited to sports wear. Part of the summer season 2012 range. Listed under Apparel.,Apparel,Track Pants,Nike,Navy Blue,Men,Sports,Summer,2012,76.95,USD,sample/images/46746.jpg,true
16743,Spice Art Women Beads Red Clutch,Spice Art Women Beads Red Clutch is a red clutch from Spice Art. It is designed for women and suited to casual wear. Part of the winter season 2015 range. Listed under Accessories.,Accessories,Clutches,Spice Art,Red,Women,Casual,Winter,2015,32.99,USD,sample/images/16743.jpg,true
18865,Puma Men Red Sports Heritage Sweatshirt,Puma Men Red Sports Heritage Sweatshirt is a red sweatshirt from Puma. It is designed for men and suited to casual wear. Part of the fall season 2011 range. Listed under Apparel.,Apparel,Sweatshirts,Puma,Red,Men,Casual,Fall,2011,89.49,USD,sample/images/18865.jpg,true
49792,Flying Machine Men Green Cap,Flying Machine Men Green Cap is a green cap from Flying Machine. It is designed for men and suited to casual wear. Part of the winter season 2015 range. Listed under Accessories.,Accessories,Caps,Flying Machine,Green,Men,Casual,Winter,2015,27.49,USD,sample/images/49792.jpg,true
55876,Colorbar Exclusive Nail Lacquer 76,Colorbar Exclusive Nail Lacquer 76 is a black nail polish from Colorbar. It is designed for women and suited to casual wear. Part of the spring season 2017 range. Listed under Personal Care.,Personal Care,Nail Polish,Colorbar,Black,Women,Casual,Spring,2017,5.99,USD,sample/images/55876.jpg,true
19535,United Colors of Benetton Men Solid Green Sweater,United Colors of Benetton Men Solid Green Sweater is a green sweater from United Colors of Benetton. It is designed for men and suited to casual wear. Part of the summer season 2011 range. Listed under Apparel.,Apparel,Sweaters,United Colors of Benetton,Green,Men,Casual,Summer,2011,99.49,USD,sample/images/19535.jpg,true
15953,Turtle Men Solid Black Ties,Turtle Men Solid Black Ties is a black tie from Turtle. It is designed for men and suited to formal wear. Part of the fall season 2011 range. Listed under Accessories.,Accessories,Ties,Turtle,Black,Men,Formal,Fall,2011,61.95,USD,sample/images/15953.jpg,true
55968,Colorbar Velvet Matte Demure 1 Lipstick 82V,Colorbar Velvet Matte Demure 1 Lipstick 82V is a pink lipstick from Colorbar. It is designed for women and suited to casual wear. Part of the spring season 2017 range. Listed under Personal Care.,Personal Care,Lipstick,Colorbar,Pink,Women,Casual,Spring,2017,36.49,USD,sample/images/55968.jpg,true
59116,Just Natural Men Olive Jacket,Just Natural Men Olive Jacket is an olive jacket from Just Natural. It is designed for men and suited to casual wear. Part of the summer season 2012 range. Listed under Apparel.,Apparel,Jackets,Just Natural,Olive,Men,Casual,Summer,2012,138.95,USD,sample/images/59116.jpg,true
25521,Levis Men White Innerwear Vest,Levis Men White Innerwear Vest is a white innerwear vest from Levis. It is designed for men and suited to casual wear. Part of the summer season 2016 range. Listed under Apparel.,Apparel,Innerwear Vests,Levis,White,Men,Casual,Summer,2016,90.99,USD,sample/images/25521.jpg,true
18303,Aneri Women Kavita Maroon Kurti,Aneri Women Kavita Maroon Kurti is a maroon kurtis from Aneri. It is designed for women and suited to ethnic wear. Part of the fall season 2011 range. Listed under Apparel.,Apparel,Kurtis,Aneri,Maroon,Women,Ethnic,Fall,2011,71.95,USD,sample/images/18303.jpg,true
9803,Scullers For Her Women Scullers Top Navy Blue Tops,Scullers For Her Women Scullers Top Navy Blue Tops is a navy blue tunic from Scullers. It is designed for women and suited to casual wear. Part of the fall season 2011 range. Listed under Apparel.,Apparel,Tunics,Scullers,Navy Blue,Women,Casual,Fall,2011,62.95,USD,sample/images/9803.jpg,true
55827,SDL by Sweet Dreams Women White Printed Nightdress,SDL by Sweet Dreams Women White Printed Nightdress is a white nightdress from SDL by Sweet Dreams. It is designed for women and suited to casual wear. Part of the summer season 2017 range. Listed under Apparel.,Apparel,Nightdress,SDL by Sweet Dreams,White,Women,Casual,Summer,2017,89.95,USD,sample/images/55827.jpg,true
25915,Femella Women Grey Leggings,Femella Women Grey Leggings is a pair of grey leggings from Femella. It is designed for women and suited to casual wear. Part of the summer season 2012 range. Listed under Apparel.,Apparel,Leggings,Femella,Grey,Women,Casual,Summer,2012,64.99,USD,sample/images/25915.jpg,true
48782,Lucera Women Silver Pendant,Lucera Women Silver Pendant is a silver pendant from Lucera. It is designed for women and suited to casual wear. Part of the summer season 2013 range. Listed under Accessories.,Accessories,Pendant,Lucera,Silver,Women,Casual,Summer,2013,66.49,USD,sample/images/48782.jpg,true
43076,Nike Womens Black Capris,Nike Womens Black Capris is a pair of black capris from Nike. It is designed for women and suited to sports wear. Part of the summer season 2012 range. Listed under Apparel.,Apparel,Capris,Nike,Black,Women,Sports,Summer,2012,43.99,USD,sample/images/43076.jpg,true
54868,Ivory Tag Women Blazing Stone Multicolour Necklace,Ivory Tag Women Blazing Stone Multicolour Necklace is a gold necklace and chain from Ivory Tag. It is designed for women and suited to casual wear. Part of the fall season 2012 range. Listed under Accessories.,Accessories,Necklace and Chains,Ivory Tag,Gold,Women,Casual,Fall,2012,47.95,USD,sample/images/54868.jpg,true
43469,SDL by Sweet Dreams Women Printed Brown Night suits,SDL by Sweet Dreams Women Printed Brown Night suits is a brown night suit from SDL by Sweet Dreams. It is designed for women and suited to casual wear. Part of the summer season 2017 range. Listed under Apparel.,Apparel,Night suits,SDL by Sweet Dreams,Brown,Women,Casual,Summer,2017,22.49,USD,sample/images/43469.jpg,true
27946,Jockey CSM Men Comfort Stretch Black Trunks CS04,Jockey CSM Men Comfort Stretch Black Trunks CS04 is a black trunk from Jockey. It is designed for men and suited to casual wear. Part of the summer season 2016 range. Listed under Apparel.,Apparel,Trunk,Jockey,Black,Men,Casual,Summer,2016,71.49,USD,sample/images/27946.jpg,true
10652,Doodle Girl Denim skirt with belt Blue Skirts,Doodle Girl Denim skirt with belt Blue Skirts is a blue skirt from Doodle. It is designed for women and suited to casual wear. Part of the fall season 2011 range. Listed under Apparel.,Apparel,Skirts,Doodle,Blue,Women,Casual,Fall,2011,37.95,USD,sample/images/10652.jpg,true
33991,Femella Women Printed Red Scarf,Femella Women Printed Red Scarf is a red scarve from Femella. It is designed for women and suited to casual wear. Part of the summer season 2012 range. Listed under Accessories.,Accessories,Scarves,Femella,Red,Women,Casual,Summer,2012,24.49,USD,sample/images/33991.jpg,true
59467,Lucera Silver Ring,Lucera Silver Ring is a silver ring from Lucera. It is designed for women and suited to casual wear. Part of the summer season 2015 range. Listed under Accessories.,Accessories,Ring,Lucera,Silver,Women,Casual,Summer,2015,75.49,USD,sample/images/59467.jpg,true
34938,Fabindia Off White Chanderi Dupatta,Fabindia Off White Chanderi Dupatta is a blue dupatta from Fabindia. It is designed for women and suited to ethnic wear. Part of the summer season 2012 range. Listed under Apparel.,Apparel,Dupatta,Fabindia,Blue,Women,Ethnic,Summer,2012,67.95,USD,sample/images/34938.jpg,true
49141,Deborah Euphoric Shine Lip Gloss 10,Deborah Euphoric Shine Lip Gloss 10 is a brown lip gloss from Deborah. It is designed for women and suited to casual wear. Part of the spring season 2017 range. Listed under Personal Care.,Personal Care,Lip Gloss,Deborah,Brown,Women,Casual,Spring,2017,29.95,USD,sample/images/49141.jpg,true
39043,Belmonte Men Steel Bright Assorted Cufflinks,Belmonte Men Steel Bright Assorted Cufflinks is a pair of steel cufflinks from Belmonte. It is designed for men and suited to formal wear. Part of the summer season 2012 range. Listed under Accessories.,Accessories,Cufflinks,Belmonte,Steel,Men,Formal,Summer,2012,39.95,USD,sample/images/39043.jpg,true
31200,Cabarelli Men Accessory Gift Set,Cabarelli Men Accessory Gift Set is a brown accessory gift set from Cabarelli. It is designed for men and suited to casual wear. Part of the summer season 2012 range. Listed under Accessories.,Accessories,Accessory Gift Set,Cabarelli,Brown,Men,Casual,Summer,2012,19.95,USD,sample/images/31200.jpg,true
28980,Biba Women Yellow & Green Printed Churidar Kurta with Dupatta,Biba Women Yellow & Green Printed Churidar Kurta with Dupatta is a yellow kurta set from Biba. It is designed for women and suited to ethnic wear. Part of the summer season 2012 range. Listed under Apparel.,Apparel,Kurta Sets,Biba,Yellow,Women,Ethnic,Summer,2012,63.49,USD,sample/images/28980.jpg,true
55257,Lakme Absolute Forever Silk Grey Matter Eyeliner,Lakme Absolute Forever Silk Grey Matter Eyeliner is a grey kajal and eyeliner from Lakme. It is designed for women and suited to casual wear. Part of the spring season 2017 range. Listed under Personal Care.,Personal Care,Kajal and Eyeliner,Lakme,Grey,Women,Casual,Spring,2017,90.49,USD,sample/images/55257.jpg,true
54969,Rasasi Men Dynamic Energy Deo,Rasasi Men Dynamic Energy Deo is a black free gift from Rasasi. It is designed for men and suited to casual wear. Part of the spring season 2017 range. Listed under Free Items.,Free Items,Free Gifts,Rasasi,Black,Men,Casual,Spring,2017,54.95,USD,sample/images/54969.jpg,true
34971,Fabindia Women Off White Printed Stole,Fabindia Women Off White Printed Stole is an off white stole from Fabindia. It is designed for women and suited to casual wear. Part of the summer season 2012 range. Listed under Accessories.,Accessories,Stoles,Fabindia,Off White,Women,Casual,Summer,2012,23.99,USD,sample/images/34971.jpg,true
36075,OTLS Unisex Blue Gym Bag,OTLS Unisex Blue Gym Bag is a blue duffel bag from OTLS. It is a unisex design and suited to casual wear. Part of the winter season 2012 range. Listed under Accessories.,Accessories,Duffel Bag,OTLS,Blue,Unisex,Casual,Winter,2012,111.95,USD,sample/images/36075.jpg,true
35129,Allen Solly Woman Red Bangle,Allen Solly Woman Red Bangle is a red bangle from Allen Solly. It is designed for women and suited to casual wear. Part of the winter season 2012 range. Listed under Accessories.,Accessories,Bangle,Allen Solly,Red,Women,Casual,Winter,2012,76.49,USD,sample/images/35129.jpg,true
51948,Yelloe Unisex Black Laptop Bag,Yelloe Unisex Black Laptop Bag is a black laptop bag from Yelloe. It is a unisex design and suited to casual wear. Part of the summer season 2012 range. Listed under Accessories.,Accessories,Laptop Bag,Yelloe,Black,Unisex,Casual,Summer,2012,94.49,USD,sample/images/51948.jpg,true
55240,Lakme Perfecting Natural Coral Liquid Foundation,Lakme Perfecting Natural Coral Liquid Foundation is a skin foundation and primer from Lakme. It is designed for women and suited to casual wear. Part of the spring season 2017 range. Listed under Personal Care.,Personal Care,Foundation and Primer,Lakme,Skin,Women,Casual,Spring,2017,90.99,USD,sample/images/55240.jpg,true
17965,Puma Women Black Sandal,Puma Women Black Sandal is a pair of black sports sandals from Puma. It is designed for women and suited to casual wear. Part of the fall season 2011 range. Listed under Footwear.,Footwear,Sports Sandals,Puma,Black,Women,Casual,Fall,2011,76.99,USD,sample/images/17965.jpg,true
48579,Revv Men Steel Bracelet,Revv Men Steel Bracelet is a steel bracelet from Revv. It is designed for men and suited to casual wear. Part of the summer season 2012 range. Listed under Accessories.,Accessories,Bracelet,Revv,Steel,Men,Casual,Summer,2012,25.95,USD,sample/images/48579.jpg,true
50034,Hanes Men Grey Contrast piping Lounge Pants,Hanes Men Grey Contrast piping Lounge Pants is a pair of grey lounge pants from Hanes. It is designed for men and suited to casual wear. Part of the summer season 2016 range. Listed under Apparel.,Apparel,Lounge Pants,Hanes,Grey,Men,Casual,Summer,2016,30.99,USD,sample/images/50034.jpg,true
48759,Miki Pearl Women Ivory Jewellery Set,Miki Pearl Women Ivory Jewellery Set is a white jewellery set from Miki Pearl. It is designed for women and suited to casual wear. Part of the summer season 2012 range. Listed under Accessories.,Accessories,Jewellery Set,Miki Pearl,White,Women,Casual,Summer,2012,56.99,USD,sample/images/48759.jpg,true
59839,Valley of Flowers Women Fragrance Gift Set,Valley of Flowers Women Fragrance Gift Set is a maroon fragrance gift set from Valley of Flowers. It is designed for women and suited to casual wear. Part of the spring season 2017 range. Listed under Personal Care.,Personal Care,Fragrance Gift Set,Valley of Flowers,Maroon,Women,Casual,Spring,2017,38.95,USD,sample/images/59839.jpg,true
53554,Probase Multicoloured Printed Boxers,Probase Multicoloured Printed Boxers is a multi boxer from Probase. It is designed for men and suited to casual wear. Part of the summer season 2016 range. Listed under Apparel.,Apparel,Boxers,Probase,Multi,Men,Casual,Summer,2016,32.99,USD,sample/images/53554.jpg,true
37085,Lino Perros Women Beige Mobile Pouch,Lino Perros Women Beige Mobile Pouch is a beige mobile pouch from Lino Perros. It is designed for women and suited to casual wear. Part of the summer season 2012 range. Listed under Accessories.,Accessories,Mobile Pouch,Lino Perros,Beige,Women,Casual,Summer,2012,50.95,USD,sample/images/37085.jpg,true
55317,Revlon Touch & Glow Advanced Fairness Cream,Revlon Touch & Glow Advanced Fairness Cream is a white face moisturiser from Revlon. It is designed for women and suited to casual wear. Part of the spring season 2017 range. Listed under Personal Care.,Personal Care,Face Moisturisers,Revlon,White,Women,Casual,Spring,2017,49.99,USD,sample/images/55317.jpg,true
55479,Revlon Colorstay Coffee Lip Liner,Revlon Colorstay Coffee Lip Liner is a brown lip liner from Revlon. It is designed for women and suited to casual wear. Part of the spring season 2017 range. Listed under Personal Care.,Personal Care,Lip Liner,Revlon,Brown,Women,Casual,Spring,2017,35.99,USD,sample/images/55479.jpg,true
15654,Belkin Unisex Black Messenger Bag,Belkin Unisex Black Messenger Bag is a black messenger bag from Belkin. It is a unisex design and suited to casual wear. Part of the fall season 2011 range. Listed under Accessories.,Accessories,Messenger Bag,Belkin,Black,Unisex,Casual,Fall,2011,43.99,USD,sample/images/15654.jpg,true
25762,Lino Perros Men Red Suspenders,Lino Perros Men Red Suspenders is a red suspender from Lino Perros. It is designed for men and suited to formal wear. Part of the summer season 2012 range. Listed under Apparel.,Apparel,Suspenders,Lino Perros,Red,Men,Formal,Summer,2012,106.95,USD,sample/images/25762.jpg,true
52489,Red Rose Beige Camisole,Red Rose Beige Camisole is a skin camisole. It is designed for women and suited to casual wear. Part of the winter season 2015 range. Listed under Apparel.,Apparel,Camisoles,,Skin,Women,Casual,Winter,2015,65.99,USD,sample/images/52489.jpg,true
57786,Lotus Herbals Naturalblend Loose Powder Auto-Puff,Lotus Herbals Naturalblend Loose Powder Auto-Puff is a beige compact from Lotus Herbals. It is designed for women and suited to casual wear. Part of the spring season 2017 range. Listed under Personal Care.,Personal Care,Compact,Lotus Herbals,Beige,Women,Casual,Spring,2017,88.49,USD,sample/images/57786.jpg,true
20063,United Colors Of Benetton Women Black Muffler,United Colors Of Benetton Women Black Muffler is a black muffler from United Colors Of Benetton. It is designed for women and suited to casual wear. Part of the fall season 2011 range. Listed under Accessories.,Accessories,Mufflers,United Colors Of Benetton,Black,Women,Casual,Fall,2011,88.99,USD,sample/images/20063.jpg,true
55527,Revlon Skinlights Face Pink Light Illuminator Lotion,Revlon Skinlights Face Pink Light Illuminator Lotion is a skin highlighter and blush from Revlon. It is designed for women and suited to casual wear. Part of the spring season 2017 range. Listed under Personal Care.,Personal Care,Highlighter and Blush,Revlon,Skin,Women,Casual,Spring,2017,62.49,USD,sample/images/55527.jpg,true
30892,Fabindia Women Printed White & Orange Patiala,Fabindia Women Printed White & Orange Patiala is a white patiala from Fabindia. It is designed for women and suited to ethnic wear. Part of the summer season 2012 range. Listed under Apparel.,Apparel,Patiala,Fabindia,White,Women,Ethnic,Summer,2012,85.99,USD,sample/images/30892.jpg,true
49993,Hanes Men Grey Shorts,Hanes Men Grey Shorts is a pair of grey lounge shorts from Hanes. It is designed for men and suited to casual wear. Part of the summer season 2016 range. Listed under Apparel.,Apparel,Lounge Shorts,Hanes,Grey,Men,Casual,Summer,2016,36.95,USD,sample/images/49993.jpg,true
33718,Pieces Women Pink Jeggings,Pieces Women Pink Jeggings is a pink jegging from Pieces. It is designed for women and suited to casual wear. Part of the summer season 2012 range. Listed under Apparel.,Apparel,Jeggings,Pieces,Pink,Women,Casual,Summer,2012,19.49,USD,sample/images/33718.jpg,true
14597,United Colors of Benetton Women Solid Black Stockings,United Colors of Benetton Women Solid Black Stockings is a pair of black stockings from United Colors of Benetton. It is designed for women and suited to casual wear. Part of the summer season 2011 range. Listed under Apparel.,Apparel,Stockings,United Colors of Benetton,Black,Women,Casual,Summer,2011,91.49,USD,sample/images/14597.jpg,true
55539,Revlon Illuminance Pink Petals Creme Eye Shadow 03,Revlon Illuminance Pink Petals Creme Eye Shadow 03 is a multi eyeshadow from Revlon. It is designed for women and suited to casual wear. Part of the spring season 2017 range. Listed under Personal Care.,Personal Care,Eyeshadow,Revlon,Multi,Women,Casual,Spring,2017,19.49,USD,sample/images/55539.jpg,true
47049,Shree Women Red & Blue Jodhpuri Salwar,Shree Women Red & Blue Jodhpuri Salwar is a purple salwar from Shree. It is designed for women and suited to ethnic wear. Part of the fall season 2012 range. Listed under Apparel.,Apparel,Salwar,Shree,Purple,Women,Ethnic,Fall,2012,35.49,USD,sample/images/47049.jpg,true
30809,Fabindia Women Olive Cambric Churidar,Fabindia Women Olive Cambric Churidar is an olive churidar from Fabindia. It is designed for women and suited to ethnic wear. Part of the summer season 2012 range. Listed under Apparel.,Apparel,Churidar,Fabindia,Olive,Women,Ethnic,Summer,2012,57.95,USD,sample/images/30809.jpg,true
58567,Puma Men Navy Blue Tracksuit,Puma Men Navy Blue Tracksuit is a navy blue tracksuit from Puma. It is designed for men and suited to sports wear. Part of the summer season 2012 range. Listed under Apparel.,Apparel,Tracksuits,Puma,Navy Blue,Men,Sports,Summer,2012,95.99,USD,sample/images/58567.jpg,true
37555,Madagascar 3 Infants Girl Pink Mittens,Madagascar 3 Infants Girl Pink Mittens is a pair of pink gloves from Madagascar 3. It is designed for girls and suited to casual wear. Part of the summer season 2012 range. Listed under Accessories.,Accessories,Gloves,Madagascar 3,Pink,Girls,Casual,Summer,2012,71.99,USD,sample/images/37555.jpg,true
55326,Revlon Color N Care 3N Darkest Brown Permanent Hair Colour Cream,Revlon Color N Care 3N Darkest Brown Permanent Hair Colour Cream is a brown hair colour from Revlon. It is designed for women and suited to casual wear. Part of the spring season 2017 range. Listed under Personal Care.,Personal Care,Hair Colour,Revlon,Brown,Women,Casual,Spring,2017,18.95,USD,sample/images/55326.jpg,true
52497,Red Rose Women Red Bathrobe,Red Rose Women Red Bathrobe is a red bath robe. It is designed for women and suited to casual wear. Part of the winter season 2015 range. Listed under Apparel.,Apparel,Bath Robe,,Red,Women,Casual,Winter,2015,69.49,USD,sample/images/52497.jpg,true
3464,ADIDAS Kid's Light Aqua Swimming Cap,ADIDAS Kid's Light Aqua Swimming Cap is a blue swimwear from ADIDAS. It is a unisex design and suited to sports wear. Part of the winter season 2010 range. Listed under Apparel.,Apparel,Swimwear,ADIDAS,Blue,Unisex,Sports,Winter,2010,67.49,USD,sample/images/3464.jpg,true
22685,Wildcraft Unisex Gear for Life Black Waist Pouch,Wildcraft Unisex Gear for Life Black Waist Pouch is a black waist pouch from Wildcraft. It is a unisex design and suited to casual wear. Part of the winter season 2015 range. Listed under Accessories.,Accessories,Waist Pouch,Wildcraft,Black,Unisex,Casual,Winter,2015,59.99,USD,sample/images/22685.jpg,true
57761,Lotus Herbals Tea Tree & Cinnamon Anti-Acne Oil Control Face Wash,Lotus Herbals Tea Tree & Cinnamon Anti-Acne Oil Control Face Wash is a cream face wash and cleanser from Lotus Herbals. It is designed for women and suited to casual wear. Part of the spring season 2017 range. Listed under Personal Care.,Personal Care,Face Wash and Cleanser,Lotus Herbals,Cream,Women,Casual,Spring,2017,64.95,USD,sample/images/57761.jpg,true
14894,United Colors of Benetton Women Solid Black Bags,United Colors of Benetton Women Solid Black Bags is a black travel accessory from United Colors of Benetton. It is designed for women and suited to casual wear. Part of the summer season 2011 range. Listed under Accessories.,Accessories,Travel Accessory,United Colors of Benetton,Black,Women,Casual,Summer,2011,26.99,USD,sample/images/14894.jpg,true
39720,Arrow Woman Olive Jumpsuit,Arrow Woman Olive Jumpsuit is an olive jumpsuit from Arrow. It is designed for women and suited to casual wear. Part of the summer season 2012 range. Listed under Apparel.,Apparel,Jumpsuit,Arrow,Olive,Women,Casual,Summer,2012,58.95,USD,sample/images/39720.jpg,true
26862,Jealous 21 Women Washed Blue Waistcoat,Jealous 21 Women Washed Blue Waistcoat is a blue waistcoat from Jealous 21. It is designed for women and suited to casual wear. Part of the summer season 2012 range. Listed under Apparel.,Apparel,Waistcoat,Jealous 21,Blue,Women,Casual,Summer,2012,70.49,USD,sample/images/26862.jpg,true
57864,Biotique Bio Sandalwood Face & Body Sunscreen Lotion,Biotique Bio Sandalwood Face & Body Sunscreen Lotion is a peach sunscreen from Biotique Bio. It is designed for women and suited to casual wear. Part of the spring season 2017 range. Listed under Personal Care.,Personal Care,Sunscreen,Biotique Bio,Peach,Women,Casual,Spring,2017,62.99,USD,sample/images/57864.jpg,true
52507,Red Rose Black Nightdress,Red Rose Black Nightdress is a black baby doll. It is designed for women and suited to casual wear. Part of the winter season 2015 range. Listed under Apparel.,Apparel,Baby Dolls,,Black,Women,Casual,Winter,2015,23.95,USD,sample/images/52507.jpg,true
4009,Spalding Blue Basketball,Spalding Blue Basketball is a blue basketball from Spalding. It is a unisex design and suited to casual wear. Part of the summer season 2011 range. Listed under Sporting Goods.,Sporting Goods,Basketballs,Spalding,Blue,Unisex,Casual,Summer,2011,69.99,USD,sample/images/4009.jpg,true
37525,Madagascar3 Infant Boys White Snapsuit Romper,Madagascar3 Infant Boys White Snapsuit Romper is a white romper from Madagascar3. It is designed for boys and suited to casual wear. Part of the summer season 2012 range. Listed under Apparel.,Apparel,Rompers,Madagascar3,White,Boys,Casual,Summer,2012,78.95,USD,sample/images/37525.jpg,true
37537,Madagascar 3 Infant Boys Yellow Booties,Madagascar 3 Infant Boys Yellow Booties is a pair of yellow booties from Madagascar 3 Infant. It is designed for boys and suited to casual wear. Part of the summer season 2012 range. Listed under Apparel.,Apparel,Booties,Madagascar 3 Infant,Yellow,Boys,Casual,Summer,2012,35.99,USD,sample/images/37537.jpg,true
55073,Lakme Absolute Flutter Secrets Volumizing Mascara,Lakme Absolute Flutter Secrets Volumizing Mascara is a black mascara from Lakme. It is designed for women and suited to casual wear. Part of the spring season 2017 range. Listed under Personal Care.,Personal Care,Mascara,Lakme,Black,Women,Casual,Spring,2017,65.49,USD,sample/images/55073.jpg,true
8958,Puma Unisex fundamentals Red Water Bottle,Puma Unisex fundamentals Red Water Bottle is a red water bottle from Puma. It is a unisex design and suited to casual wear. Part of the summer season 2012 range. Listed under Accessories.,Accessories,Water Bottle,Puma,Red,Unisex,Casual,Summer,2012,59.95,USD,sample/images/8958.jpg,true
56179,Colorbar Full Cover Creamy Natural Concealer 002,Colorbar Full Cover Creamy Natural Concealer 002 is a skin concealer from Colorbar. It is designed for women and suited to casual wear. Part of the spring season 2017 range. Listed under Personal Care.,Personal Care,Concealer,Colorbar,Skin,Women,Casual,Spring,2017,67.95,USD,sample/images/56179.jpg,true
38964,Wildcraft Unisex Red Rucksack,Wildcraft Unisex Red Rucksack is a red rucksack from Wildcraft. It is a unisex design and suited to travel wear. Part of the summer season 2015 range. Listed under Accessories.,Accessories,Rucksacks,Wildcraft,Red,Unisex,Travel,Summer,2015,40.95,USD,sample/images/38964.jpg,true
57885,Biotique Bio Mud Ageless Firming & Revitalizing Face Pack,Biotique Bio Mud Ageless Firming & Revitalizing Face Pack is a green mask and peel from Biotique Bio. It is designed for women and suited to casual wear. Part of the spring season 2017 range. Listed under Personal Care.,Personal Care,Mask and Peel,Biotique Bio,Green,Women,Casual,Spring,2017,91.49,USD,sample/images/57885.jpg,true
37892,Happy Socks Women Black Tights,Happy Socks Women Black Tights is a pair of black tights from Happy. It is designed for women and suited to casual wear. Part of the summer season 2012 range. Listed under Apparel.,Apparel,Tights,Happy,Black,Women,Casual,Summer,2012,62.95,USD,sample/images/37892.jpg,true
59702,Avirate Black Wired Corset Shapewear,Avirate Black Wired Corset Shapewear is a black shapewear from Avirate. It is designed for women and suited to casual wear. Part of the summer season 2014 range. Listed under Apparel.,Apparel,Shapewear,Avirate,Black,Women,Casual,Summer,2014,62.49,USD,sample/images/59702.jpg,true
27846,Scullers For Her Charcoal Blazer,Scullers For Her Charcoal Blazer is a charcoal blazer from Scullers. It is designed for women and suited to formal wear. Part of the summer season 2012 range. Listed under Apparel.,Apparel,Blazers,Scullers,Charcoal,Women,Formal,Summer,2012,117.99,USD,sample/images/27846.jpg,true
2355,ADIDAS Red Bull Trophy Soccer Unisex Football,ADIDAS Red Bull Trophy Soccer Unisex Football is a white football from ADIDAS. It is a unisex design and suited to sports wear. Part of the fall season 2010 range. Listed under Sporting Goods.,Sporting Goods,Footballs,ADIDAS,White,Unisex,Sports,Fall,2010,84.99,USD,sample/images/2355.jpg,true
36745,Little Miss Girls Sunshine Red Clothing Set,Little Miss Girls Sunshine Red Clothing Set is a red clothing set from Little Miss. It is designed for girls and suited to casual wear. Part of the summer season 2012 range. Listed under Apparel.,Apparel,Clothing Set,Little Miss,Red,Girls,Casual,Summer,2012,36.99,USD,sample/images/36745.jpg,true
1678,Reebok Men Play Hard Cotton Green T-shirt,Reebok Men Play Hard Cotton Green T-shirt is a green tshirt from Reebok. It is designed for men and suited to casual wear. Part of the fall season 2010 range. Listed under Apparel.,Apparel,Tshirts,Reebok,Green,Men,Casual,Fall,2010,46.99,USD,sample/images/1678.jpg,true
37777,John Players Men Check Green Shirt,John Players Men Check Green Shirt is a green shirt from John. It is designed for men and suited to casual wear. Part of the summer season 2012 range. Listed under Apparel.,Apparel,Shirts,John,Green,Men,Casual,Summer,2012,70.95,USD,sample/images/37777.jpg,true
49375,Vans Men Black Era Pro Shoes,Vans Men Black Era Pro Shoes is a pair of black casual shoes from Vans. It is designed for men and suited to casual wear. Part of the summer season 2012 range. Listed under Footwear.,Footwear,Casual Shoes,Vans,Black,Men,Casual,Summer,2012,113.99,USD,sample/images/49375.jpg,true
52675,Morellato Men Silver Dial Watch,Morellato Men Silver Dial Watch is a silver watch from Morellato. It is designed for men and suited to casual wear. Part of the winter season 2016 range. Listed under Accessories.,Accessories,Watches,Morellato,Silver,Men,Casual,Winter,2016,114.95,USD,sample/images/52675.jpg,true
29264,ADIDAS Men Adizero Black Sports Shoes,ADIDAS Men Adizero Black Sports Shoes is a pair of black sports shoes from ADIDAS. It is designed for men and suited to sports wear. Part of the summer season 2012 range. Listed under Footwear.,Footwear,Sports Shoes,ADIDAS,Black,Men,Sports,Summer,2012,91.49,USD,sample/images/29264.jpg,true
30834,Fabindia Women Blue Kurta,Fabindia Women Blue Kurta is a blue kurta from Fabindia. It is designed for women and suited to ethnic wear. Part of the summer season 2012 range. Listed under Apparel.,Apparel,Kurtas,Fabindia,Blue,Women,Ethnic,Summer,2012,91.99,USD,sample/images/30834.jpg,true
34112,Doodle Girls Printed White Top,Doodle Girls Printed White Top is a white top from Doodle. It is designed for girls and suited to casual wear. Part of the summer season 2012 range. Listed under Apparel.,Apparel,Tops,Doodle,White,Girls,Casual,Summer,2012,42.99,USD,sample/images/34112.jpg,true
54182,Kiara Women Green Handbag,Kiara Women Green Handbag is a green handbag from Kiara. It is designed for women and suited to casual wear. Part of the summer season 2012 range. Listed under Accessories.,Accessories,Handbags,Kiara,Green,Women,Casual,Summer,2012,75.99,USD,sample/images/54182.jpg,true
47597,Portia Women Beige Wedges,Portia Women Beige Wedges is a pair of beige heels from Portia. It is designed for women and suited to casual wear. Part of the winter season 2014 range. Listed under Footwear.,Footwear,Heels,Portia,Beige,Women,Casual,Winter,2014,64.95,USD,sample/images/47597.jpg,true
48212,United Colors of Benetton Men Black Sunglasses,United Colors of Benetton Men Black Sunglasses is a pair of black sunglasses from United Colors of Benetton. It is designed for men and suited to casual wear. Part of the winter season 2016 range. Listed under Accessories.,Accessories,Sunglasses,United Colors of Benetton,Black,Men,Casual,Winter,2016,28.99,USD,sample/images/48212.jpg,true
17105,Lino Perros Women Small  Red Wallet,Lino Perros Women Small Red Wallet is a red wallet from Lino Perros. It is designed for women and suited to casual wear. Part of the winter season 2015 range. Listed under Accessories.,Accessories,Wallets,Lino Perros,Red,Women,Casual,Winter,2015,93.49,USD,sample/images/17105.jpg,true
10746,Disney Unisex Kids Princess Heart Purple Flip Flops,Disney Unisex Kids Princess Heart Purple Flip Flops is a pair of purple flip flops from Disney. It is a unisex design and suited to casual wear. Part of the winter season 2012 range. Listed under Footwear.,Footwear,Flip Flops,Disney,Purple,Unisex,Casual,Winter,2012,28.99,USD,sample/images/10746.jpg,true
23838,ADIDAS Men Black Feather M Sandals,ADIDAS Men Black Feather M Sandals is a pair of black sandals from ADIDAS. It is designed for men and suited to casual wear. Part of the fall season 2011 range. Listed under Footwear.,Footwear,Sandals,ADIDAS,Black,Men,Casual,Fall,2011,68.95,USD,sample/images/23838.jpg,true
